customer_key,customer_id,customer_segment,occupation_or_business_type,is_cash_intensive_business,tenure_months,tenure_band,kyc_risk_rating,is_pep,declared_annual_income_cad,home_province,onboarding_channel
1,C000001,personal,salaried_employee,0,180,84m+,low,0,96900.0,BC,mobile
2,C000002,business,consulting,0,3,00-11m,low,0,565600.0,QC,broker
3,C000003,personal,student,0,133,84m+,low,0,90400.0,ON,branch
4,C000004,personal,healthcare_worker,0,133,84m+,medium,0,41900.0,ON,branch
5,C000005,personal,retired,0,3,00-11m,low,0,61600.0,ON,branch
6,C000006,business,convenience_retail,1,10,00-11m,low,0,187200.0,BC,broker
7,C000007,personal,salaried_employee,0,122,84m+,low,0,58100.0,ON,mobile
8,C000008,personal,public_sector,0,80,36-83m,medium,0,92200.0,ON,branch
9,C000009,personal,tradesperson,0,46,36-83m,low,0,37400.0,ON,branch
10,C000010,personal,tradesperson,0,93,84m+,low,0,71500.0,ON,online
11,C000011,personal,healthcare_worker,0,39,36-83m,low,0,64900.0,AB,branch
12,C000012,business,convenience_retail,1,158,84m+,low,0,120700.0,MB,branch
13,C000013,personal,tradesperson,0,49,36-83m,high,0,46000.0,NS,mobile
14,C000014,personal,healthcare_worker,0,80,36-83m,low,0,52200.0,QC,branch
15,C000015,business,consulting,0,39,36-83m,low,0,216800.0,ON,online
16,C000016,personal,self_employed,0,98,84m+,low,0,31700.0,ON,branch
17,C000017,personal,public_sector,0,28,12-35m,high,0,47300.0,QC,branch
18,C000018,personal,salaried_employee,0,15,12-35m,low,0,69100.0,QC,online
19,C000019,business,consulting,0,36,36-83m,low,0,529500.0,NS,branch
20,C000020,personal,tradesperson,0,49,36-83m,low,0,30200.0,BC,mobile
21,C000021,personal,retired,0,152,84m+,medium,0,45400.0,ON,online
22,C000022,personal,public_sector,0,42,36-83m,low,0,44900.0,ON,mobile
23,C000023,business,construction,0,53,36-83m,medium,0,338500.0,BC,online
24,C000024,personal,salaried_employee,0,69,36-83m,low,0,227700.0,SK,online
25,C000025,personal,self_employed,0,85,84m+,medium,0,29500.0,BC,branch
26,C000026,personal,self_employed,0,63,36-83m,low,0,65900.0,ON,branch
27,C000027,personal,student,0,24,12-35m,low,0,81100.0,ON,broker
28,C000028,personal,public_sector,0,53,36-83m,medium,0,51700.0,ON,online
29,C000029,personal,healthcare_worker,0,13,12-35m,medium,0,59100.0,ON,branch
30,C000030,personal,healthcare_worker,0,59,36-83m,low,0,38100.0,ON,online
31,C000031,business,money_services,0,121,84m+,low,0,288000.0,NS,branch
32,C000032,business,consulting,0,19,12-35m,medium,0,972900.0,QC,branch
33,C000033,business,import_export,0,29,12-35m,medium,0,656300.0,ON,mobile
34,C000034,personal,healthcare_worker,0,107,84m+,low,0,132600.0,BC,branch
35,C000035,business,convenience_retail,1,131,84m+,low,0,458600.0,AB,branch
36,C000036,business,salon,1,34,12-35m,low,0,69700.0,QC,online
37,C000037,personal,retired,0,29,12-35m,low,0,174500.0,ON,branch
38,C000038,personal,retired,0,11,00-11m,low,0,84200.0,ON,branch
39,C000039,personal,healthcare_worker,0,20,12-35m,low,0,34200.0,ON,branch
40,C000040,personal,tradesperson,0,39,36-83m,low,0,44500.0,BC,mobile
41,C000041,business,convenience_retail,1,218,84m+,medium,0,333700.0,AB,branch
42,C000042,personal,healthcare_worker,0,153,84m+,medium,0,53300.0,ON,mobile
43,C000043,personal,retired,0,51,36-83m,low,0,70600.0,ON,online
44,C000044,personal,public_sector,0,68,36-83m,low,0,75000.0,ON,mobile
45,C000045,personal,student,0,69,36-83m,low,0,88200.0,NS,broker
46,C000046,personal,retired,0,59,36-83m,low,0,66200.0,ON,online
47,C000047,business,construction,0,90,84m+,low,0,162000.0,AB,branch
48,C000048,personal,student,0,118,84m+,low,1,46300.0,AB,mobile
49,C000049,personal,healthcare_worker,0,90,84m+,low,0,122000.0,QC,branch
50,C000050,personal,student,0,110,84m+,low,0,93900.0,AB,mobile
51,C000051,business,consulting,0,84,84m+,medium,0,644900.0,ON,branch
52,C000052,personal,tradesperson,0,53,36-83m,low,0,30200.0,QC,broker
53,C000053,personal,tradesperson,0,36,36-83m,low,0,48000.0,ON,online
54,C000054,personal,self_employed,0,103,84m+,low,0,73200.0,ON,mobile
55,C000055,personal,self_employed,0,32,12-35m,medium,0,225200.0,BC,online
56,C000056,personal,student,0,17,12-35m,low,0,182200.0,ON,mobile
57,C000057,personal,student,0,6,00-11m,low,0,15800.0,ON,branch
58,C000058,personal,student,0,18,12-35m,low,0,62900.0,QC,online
59,C000059,personal,tradesperson,0,19,12-35m,medium,0,68600.0,ON,mobile
60,C000060,personal,public_sector,0,101,84m+,low,0,120300.0,BC,online
61,C000061,personal,public_sector,0,109,84m+,low,0,153700.0,ON,online
62,C000062,personal,self_employed,0,95,84m+,low,0,350500.0,MB,online
63,C000063,personal,self_employed,0,65,36-83m,low,0,50000.0,QC,online
64,C000064,personal,healthcare_worker,0,122,84m+,low,0,67000.0,QC,branch
65,C000065,personal,tradesperson,0,91,84m+,low,0,143900.0,AB,branch
66,C000066,personal,healthcare_worker,0,81,36-83m,low,0,27500.0,QC,mobile
67,C000067,personal,salaried_employee,0,41,36-83m,medium,0,48000.0,BC,online
68,C000068,personal,public_sector,0,20,12-35m,medium,0,46500.0,ON,online
69,C000069,personal,retired,0,45,36-83m,low,0,61900.0,ON,online
70,C000070,personal,public_sector,0,64,36-83m,low,0,43900.0,AB,online
71,C000071,business,auto_dealer,1,80,36-83m,low,0,711500.0,ON,mobile
72,C000072,business,money_services,0,137,84m+,high,0,1106900.0,AB,branch
73,C000073,business,money_services,0,33,12-35m,medium,0,276200.0,BC,mobile
74,C000074,personal,retired,0,71,36-83m,medium,0,98400.0,ON,branch
75,C000075,business,auto_dealer,1,43,36-83m,low,1,210600.0,MB,mobile
76,C000076,business,consulting,0,19,12-35m,low,0,438700.0,BC,online
77,C000077,personal,healthcare_worker,0,62,36-83m,medium,0,91900.0,MB,online
78,C000078,personal,retired,0,63,36-83m,medium,0,86400.0,ON,branch
79,C000079,personal,public_sector,0,79,36-83m,low,0,164000.0,ON,online
80,C000080,business,money_services,0,43,36-83m,low,0,593200.0,BC,branch
81,C000081,business,construction,0,71,36-83m,low,0,101500.0,ON,branch
82,C000082,personal,self_employed,0,39,36-83m,low,0,32600.0,MB,broker
83,C000083,personal,student,0,53,36-83m,low,0,56300.0,QC,branch
84,C000084,personal,self_employed,0,72,36-83m,low,0,53700.0,AB,online
85,C000085,business,import_export,0,23,12-35m,low,0,388500.0,ON,branch
86,C000086,business,convenience_retail,1,35,12-35m,medium,0,103200.0,AB,online
87,C000087,personal,retired,0,51,36-83m,medium,0,95700.0,ON,branch
88,C000088,personal,salaried_employee,0,100,84m+,medium,0,17300.0,ON,branch
89,C000089,personal,self_employed,0,353,84m+,low,1,65600.0,AB,mobile
90,C000090,personal,salaried_employee,0,25,12-35m,medium,0,158700.0,QC,branch
91,C000091,personal,tradesperson,0,31,12-35m,low,0,79400.0,AB,branch
92,C000092,business,salon,1,135,84m+,low,0,217900.0,ON,mobile
93,C000093,business,construction,0,125,84m+,medium,0,481100.0,NS,broker
94,C000094,personal,self_employed,0,58,36-83m,low,0,27900.0,ON,online
95,C000095,business,convenience_retail,1,6,00-11m,low,0,338000.0,ON,online
96,C000096,personal,healthcare_worker,0,48,36-83m,low,0,69600.0,ON,online
97,C000097,personal,student,0,91,84m+,low,0,69300.0,QC,online
98,C000098,personal,tradesperson,0,13,12-35m,low,0,62100.0,AB,mobile
99,C000099,personal,tradesperson,0,112,84m+,high,0,39200.0,BC,branch
100,C000100,personal,retired,0,13,12-35m,low,0,104800.0,BC,branch
101,C000101,personal,retired,0,47,36-83m,low,0,48500.0,BC,branch
102,C000102,personal,self_employed,0,35,12-35m,low,0,60400.0,ON,online
103,C000103,business,convenience_retail,1,127,84m+,low,0,1774200.0,QC,branch
104,C000104,personal,retired,0,24,12-35m,low,0,99600.0,QC,branch
105,C000105,personal,tradesperson,0,71,36-83m,low,0,80400.0,BC,online
106,C000106,personal,self_employed,0,20,12-35m,low,0,47800.0,AB,branch
107,C000107,personal,salaried_employee,0,28,12-35m,low,0,67400.0,ON,mobile
108,C000108,personal,healthcare_worker,0,187,84m+,low,0,67800.0,SK,broker
109,C000109,business,logistics,0,39,36-83m,low,0,155500.0,BC,branch
110,C000110,personal,retired,0,52,36-83m,high,0,79600.0,ON,mobile
111,C000111,business,restaurant,1,16,12-35m,low,0,1982300.0,QC,online
112,C000112,personal,student,0,30,12-35m,medium,0,54500.0,NS,mobile
113,C000113,business,import_export,0,16,12-35m,low,0,155100.0,QC,branch
114,C000114,personal,student,0,95,84m+,low,0,70500.0,AB,branch
115,C000115,business,auto_dealer,1,84,84m+,low,0,224600.0,QC,branch
116,C000116,personal,tradesperson,0,90,84m+,low,0,184200.0,BC,broker
117,C000117,business,convenience_retail,1,37,36-83m,low,0,468000.0,ON,mobile
118,C000118,business,money_services,0,37,36-83m,low,0,75000.0,NS,online
119,C000119,personal,salaried_employee,0,19,12-35m,low,0,69200.0,AB,branch
120,C000120,personal,public_sector,0,38,36-83m,low,0,57800.0,ON,mobile
121,C000121,personal,student,0,39,36-83m,low,0,28800.0,AB,mobile
122,C000122,personal,tradesperson,0,16,12-35m,low,0,54500.0,QC,branch
123,C000123,personal,healthcare_worker,0,55,36-83m,medium,0,19100.0,AB,mobile
124,C000124,personal,student,0,52,36-83m,medium,0,38600.0,ON,mobile
125,C000125,personal,tradesperson,0,190,84m+,medium,0,120900.0,ON,online
126,C000126,personal,student,0,57,36-83m,low,0,27200.0,NS,online
127,C000127,business,salon,1,55,36-83m,low,0,282100.0,QC,branch
128,C000128,personal,self_employed,0,92,84m+,medium,0,81800.0,MB,mobile
129,C000129,business,convenience_retail,1,92,84m+,high,0,1375300.0,ON,online
130,C000130,personal,student,0,91,84m+,low,0,56900.0,ON,branch
131,C000131,personal,self_employed,0,57,36-83m,low,0,16200.0,AB,online
132,C000132,personal,retired,0,46,36-83m,low,0,98000.0,MB,branch
133,C000133,personal,self_employed,0,39,36-83m,low,0,88900.0,AB,branch
134,C000134,personal,self_employed,0,17,12-35m,medium,0,35000.0,BC,mobile
135,C000135,business,import_export,0,28,12-35m,low,0,145800.0,ON,mobile
136,C000136,personal,salaried_employee,0,115,84m+,low,0,49400.0,MB,branch
137,C000137,personal,student,0,40,36-83m,low,0,74700.0,AB,branch
138,C000138,personal,public_sector,0,68,36-83m,low,0,66800.0,QC,broker
139,C000139,personal,student,0,117,84m+,low,0,99500.0,QC,mobile
140,C000140,personal,self_employed,0,12,12-35m,low,0,40500.0,ON,online
141,C000141,personal,healthcare_worker,0,36,36-83m,medium,0,37100.0,AB,online
142,C000142,business,import_export,0,110,84m+,low,0,174000.0,ON,online
143,C000143,business,auto_dealer,1,253,84m+,high,0,109800.0,BC,mobile
144,C000144,business,logistics,0,105,84m+,low,0,947500.0,AB,branch
145,C000145,personal,salaried_employee,0,25,12-35m,low,0,86100.0,BC,online
146,C000146,business,construction,0,38,36-83m,low,0,318200.0,ON,online
147,C000147,personal,student,0,111,84m+,medium,0,69600.0,ON,branch
148,C000148,personal,tradesperson,0,76,36-83m,low,0,19400.0,BC,online
149,C000149,business,auto_dealer,1,18,12-35m,low,0,143200.0,QC,branch
150,C000150,personal,salaried_employee,0,98,84m+,low,0,146600.0,NS,mobile
151,C000151,personal,self_employed,0,60,36-83m,medium,0,303300.0,BC,mobile
152,C000152,personal,student,0,14,12-35m,low,0,132400.0,QC,branch
153,C000153,personal,tradesperson,0,40,36-83m,medium,0,92600.0,ON,online
154,C000154,business,restaurant,1,50,36-83m,medium,0,202300.0,ON,online
155,C000155,personal,self_employed,0,31,12-35m,low,0,99200.0,QC,broker
156,C000156,personal,public_sector,0,6,00-11m,low,0,71100.0,QC,branch
157,C000157,business,consulting,0,42,36-83m,low,0,258400.0,ON,online
158,C000158,personal,retired,0,31,12-35m,low,0,39600.0,QC,online
159,C000159,personal,tradesperson,0,32,12-35m,medium,0,63800.0,BC,online
160,C000160,personal,self_employed,0,27,12-35m,high,0,138200.0,QC,branch
161,C000161,personal,public_sector,0,54,36-83m,low,0,66300.0,ON,broker
162,C000162,personal,public_sector,0,124,84m+,low,0,39800.0,QC,branch
163,C000163,business,restaurant,1,203,84m+,low,0,466900.0,SK,mobile
164,C000164,business,import_export,0,76,36-83m,low,0,70300.0,QC,branch
165,C000165,personal,salaried_employee,0,70,36-83m,low,0,61800.0,AB,mobile
166,C000166,personal,salaried_employee,0,56,36-83m,medium,0,62100.0,QC,online
167,C000167,personal,tradesperson,0,77,36-83m,medium,0,57300.0,ON,branch
168,C000168,personal,healthcare_worker,0,30,12-35m,low,0,111400.0,ON,branch
169,C000169,personal,healthcare_worker,0,38,36-83m,medium,0,31000.0,BC,online
170,C000170,personal,self_employed,0,19,12-35m,low,0,45600.0,ON,branch
171,C000171,personal,self_employed,0,11,00-11m,low,0,111000.0,QC,mobile
172,C000172,business,consulting,0,73,36-83m,low,0,149600.0,QC,branch
173,C000173,personal,self_employed,0,49,36-83m,low,0,35400.0,AB,branch
174,C000174,personal,tradesperson,0,63,36-83m,low,0,134000.0,ON,branch
175,C000175,business,logistics,0,69,36-83m,low,0,224200.0,ON,branch
176,C000176,personal,student,0,44,36-83m,medium,0,41100.0,BC,branch
177,C000177,personal,self_employed,0,87,84m+,low,0,75800.0,AB,online
178,C000178,personal,tradesperson,0,93,84m+,low,0,118500.0,ON,broker
179,C000179,business,import_export,0,61,36-83m,low,0,220200.0,AB,branch
180,C000180,personal,tradesperson,0,35,12-35m,low,0,25700.0,ON,mobile
181,C000181,business,import_export,0,118,84m+,medium,0,705700.0,ON,online
182,C000182,personal,healthcare_worker,0,27,12-35m,medium,0,70700.0,ON,online
183,C000183,business,logistics,0,63,36-83m,low,0,82300.0,BC,branch
184,C000184,personal,healthcare_worker,0,10,00-11m,low,0,17100.0,QC,mobile
185,C000185,business,construction,0,70,36-83m,high,0,378200.0,ON,mobile
186,C000186,personal,student,0,97,84m+,low,0,72700.0,QC,mobile
187,C000187,personal,public_sector,0,50,36-83m,low,0,28500.0,ON,online
188,C000188,personal,public_sector,0,28,12-35m,medium,0,102400.0,ON,online
189,C000189,personal,public_sector,0,28,12-35m,medium,0,82600.0,BC,branch
190,C000190,personal,retired,0,37,36-83m,low,0,69200.0,QC,branch
191,C000191,business,money_services,0,30,12-35m,low,0,251700.0,AB,mobile
192,C000192,business,construction,0,138,84m+,high,0,229300.0,AB,mobile
193,C000193,personal,retired,0,135,84m+,low,0,139000.0,ON,online
194,C000194,personal,retired,0,28,12-35m,medium,0,95500.0,QC,mobile
195,C000195,personal,salaried_employee,0,55,36-83m,low,0,74400.0,ON,online
196,C000196,business,salon,1,88,84m+,medium,0,610800.0,ON,mobile
197,C000197,personal,student,0,53,36-83m,medium,0,77800.0,QC,mobile
198,C000198,personal,healthcare_worker,0,126,84m+,low,0,228500.0,ON,branch
199,C000199,personal,student,0,32,12-35m,low,0,28000.0,AB,mobile
200,C000200,personal,salaried_employee,0,7,00-11m,low,0,70300.0,ON,branch
201,C000201,personal,self_employed,0,15,12-35m,low,0,89200.0,ON,online
202,C000202,personal,salaried_employee,0,20,12-35m,low,0,27000.0,MB,broker
203,C000203,personal,salaried_employee,0,26,12-35m,low,0,34900.0,QC,mobile
204,C000204,personal,public_sector,0,113,84m+,medium,0,187800.0,QC,branch
205,C000205,personal,healthcare_worker,0,29,12-35m,low,0,35500.0,ON,mobile
206,C000206,personal,healthcare_worker,0,31,12-35m,high,0,39600.0,MB,mobile
207,C000207,personal,student,0,177,84m+,low,0,74500.0,ON,online
208,C000208,personal,public_sector,0,78,36-83m,medium,0,48900.0,NS,branch
209,C000209,business,import_export,0,147,84m+,medium,0,698200.0,QC,branch
210,C000210,business,salon,1,176,84m+,low,0,195200.0,ON,branch
211,C000211,personal,self_employed,0,67,36-83m,medium,0,66100.0,ON,mobile
212,C000212,personal,self_employed,0,23,12-35m,medium,0,25300.0,BC,online
213,C000213,business,money_services,0,55,36-83m,low,0,319800.0,ON,broker
214,C000214,personal,self_employed,0,21,12-35m,low,0,190200.0,ON,branch
215,C000215,personal,salaried_employee,0,42,36-83m,low,0,33400.0,ON,online
216,C000216,personal,self_employed,0,48,36-83m,medium,0,97000.0,ON,mobile
217,C000217,personal,tradesperson,0,52,36-83m,low,0,48800.0,AB,branch
218,C000218,personal,self_employed,0,67,36-83m,medium,0,47700.0,BC,mobile
219,C000219,personal,salaried_employee,0,6,00-11m,low,0,27500.0,AB,online
220,C000220,personal,retired,0,67,36-83m,low,0,37600.0,QC,mobile
221,C000221,personal,salaried_employee,0,56,36-83m,low,0,77600.0,ON,branch
222,C000222,personal,retired,0,56,36-83m,low,0,141800.0,BC,broker
223,C000223,personal,self_employed,0,78,36-83m,low,0,87600.0,ON,branch
224,C000224,personal,student,0,71,36-83m,low,0,102800.0,ON,mobile
225,C000225,business,logistics,0,36,36-83m,medium,0,298300.0,ON,online
226,C000226,personal,tradesperson,0,12,12-35m,high,0,26600.0,AB,broker
227,C000227,personal,retired,0,117,84m+,medium,0,87600.0,QC,mobile
228,C000228,personal,self_employed,0,32,12-35m,low,0,68400.0,ON,online
229,C000229,business,logistics,0,95,84m+,high,0,149600.0,QC,mobile
230,C000230,personal,student,0,19,12-35m,low,0,65800.0,ON,branch
231,C000231,business,convenience_retail,1,120,84m+,low,0,319800.0,BC,online
232,C000232,business,import_export,0,128,84m+,low,0,563800.0,AB,online
233,C000233,business,money_services,0,46,36-83m,medium,0,356100.0,ON,branch
234,C000234,personal,tradesperson,0,74,36-83m,medium,0,25600.0,QC,branch
235,C000235,business,money_services,0,63,36-83m,medium,0,154800.0,BC,mobile
236,C000236,personal,public_sector,0,36,36-83m,low,0,88800.0,BC,mobile
237,C000237,personal,self_employed,0,11,00-11m,low,0,230200.0,ON,branch
238,C000238,personal,salaried_employee,0,90,84m+,high,0,52700.0,ON,branch
239,C000239,business,restaurant,1,82,36-83m,medium,0,307000.0,ON,branch
240,C000240,personal,public_sector,0,69,36-83m,low,0,82400.0,ON,mobile
241,C000241,personal,self_employed,0,25,12-35m,medium,0,108200.0,ON,broker
242,C000242,personal,public_sector,0,29,12-35m,low,0,71300.0,AB,branch
243,C000243,business,import_export,0,44,36-83m,low,0,965400.0,ON,mobile
244,C000244,personal,public_sector,0,101,84m+,low,0,100000.0,QC,online
245,C000245,personal,self_employed,0,38,36-83m,low,0,79300.0,QC,branch
246,C000246,personal,salaried_employee,0,32,12-35m,low,0,45300.0,BC,online
247,C000247,personal,retired,0,121,84m+,medium,0,117800.0,ON,branch
248,C000248,personal,retired,0,51,36-83m,low,0,33400.0,ON,online
249,C000249,personal,tradesperson,0,13,12-35m,low,0,58800.0,QC,mobile
250,C000250,business,logistics,0,94,84m+,low,0,497300.0,QC,branch
251,C000251,personal,student,0,39,36-83m,low,0,117100.0,ON,online
252,C000252,personal,student,0,193,84m+,low,0,82900.0,ON,mobile
253,C000253,personal,self_employed,0,26,12-35m,low,0,80100.0,ON,branch
254,C000254,personal,public_sector,0,151,84m+,low,0,40100.0,MB,branch
255,C000255,personal,self_employed,0,85,84m+,low,0,40600.0,ON,branch
256,C000256,business,construction,0,43,36-83m,low,0,81800.0,ON,online
257,C000257,personal,tradesperson,0,22,12-35m,low,0,26300.0,MB,mobile
258,C000258,personal,self_employed,0,43,36-83m,low,0,19000.0,ON,online
259,C000259,personal,self_employed,0,12,12-35m,low,0,64700.0,ON,online
260,C000260,business,money_services,0,80,36-83m,medium,0,1390800.0,AB,online
261,C000261,personal,public_sector,0,46,36-83m,low,0,115800.0,QC,branch
262,C000262,business,import_export,0,36,36-83m,low,0,321900.0,ON,mobile
263,C000263,personal,salaried_employee,0,47,36-83m,low,0,65500.0,ON,branch
264,C000264,personal,self_employed,0,17,12-35m,low,0,36800.0,BC,mobile
265,C000265,personal,healthcare_worker,0,57,36-83m,low,0,73700.0,QC,mobile
266,C000266,personal,tradesperson,0,119,84m+,medium,0,73900.0,ON,broker
267,C000267,personal,healthcare_worker,0,6,00-11m,low,0,63900.0,AB,online
268,C000268,personal,tradesperson,0,34,12-35m,high,0,42400.0,MB,online
269,C000269,personal,self_employed,0,33,12-35m,low,0,78500.0,MB,online
270,C000270,personal,public_sector,0,15,12-35m,medium,0,30700.0,ON,branch
271,C000271,personal,healthcare_worker,0,28,12-35m,low,0,42400.0,AB,online
272,C000272,personal,self_employed,0,96,84m+,low,0,91000.0,NS,mobile
273,C000273,personal,self_employed,0,160,84m+,low,0,33000.0,BC,online
274,C000274,personal,self_employed,0,23,12-35m,medium,0,79300.0,BC,online
275,C000275,personal,healthcare_worker,0,27,12-35m,medium,0,21400.0,ON,branch
276,C000276,personal,public_sector,0,19,12-35m,low,0,110200.0,ON,mobile
277,C000277,personal,student,0,25,12-35m,low,0,40100.0,ON,online
278,C000278,business,construction,0,141,84m+,low,1,409200.0,AB,online
279,C000279,personal,tradesperson,0,172,84m+,low,0,177800.0,ON,branch
280,C000280,business,construction,0,5,00-11m,low,0,239800.0,QC,branch
281,C000281,business,restaurant,1,81,36-83m,medium,0,498800.0,BC,mobile
282,C000282,personal,healthcare_worker,0,86,84m+,medium,0,90300.0,ON,branch
283,C000283,personal,healthcare_worker,0,45,36-83m,medium,0,130000.0,ON,branch
284,C000284,business,construction,0,114,84m+,low,0,627600.0,ON,mobile
285,C000285,personal,tradesperson,0,95,84m+,low,0,84800.0,AB,branch
286,C000286,personal,healthcare_worker,0,39,36-83m,medium,0,66700.0,ON,mobile
287,C000287,personal,self_employed,0,102,84m+,low,0,52200.0,BC,online
288,C000288,personal,healthcare_worker,0,50,36-83m,low,0,22500.0,BC,branch
289,C000289,personal,healthcare_worker,0,73,36-83m,low,0,64800.0,QC,mobile
290,C000290,personal,tradesperson,0,113,84m+,low,0,101900.0,AB,branch
291,C000291,personal,tradesperson,0,82,36-83m,medium,0,47700.0,ON,broker
292,C000292,personal,retired,0,54,36-83m,medium,0,39800.0,ON,mobile
293,C000293,business,construction,0,107,84m+,low,0,872500.0,AB,online
294,C000294,personal,healthcare_worker,0,118,84m+,medium,0,65200.0,QC,branch
295,C000295,business,consulting,0,73,36-83m,low,0,344500.0,QC,branch
296,C000296,personal,salaried_employee,0,128,84m+,low,0,45400.0,AB,mobile
297,C000297,personal,healthcare_worker,0,52,36-83m,low,0,83600.0,ON,mobile
298,C000298,business,import_export,0,155,84m+,low,0,91400.0,QC,online
299,C000299,personal,retired,0,27,12-35m,high,0,103700.0,ON,online
300,C000300,personal,retired,0,123,84m+,low,0,86500.0,BC,branch
301,C000301,personal,tradesperson,0,59,36-83m,medium,0,101100.0,QC,branch
302,C000302,personal,tradesperson,0,37,36-83m,low,0,66500.0,BC,branch
303,C000303,personal,retired,0,22,12-35m,low,0,102900.0,ON,mobile
304,C000304,personal,retired,0,88,84m+,low,0,40600.0,AB,branch
305,C000305,personal,retired,0,123,84m+,low,0,64400.0,ON,branch
306,C000306,personal,retired,0,13,12-35m,low,0,79300.0,ON,online
307,C000307,personal,salaried_employee,0,67,36-83m,low,0,60400.0,QC,online
308,C000308,personal,tradesperson,0,64,36-83m,medium,0,47800.0,ON,online
309,C000309,business,money_services,0,100,84m+,low,0,428400.0,BC,branch
310,C000310,personal,retired,0,44,36-83m,medium,1,82800.0,QC,online
311,C000311,personal,public_sector,0,48,36-83m,low,0,104300.0,ON,branch
312,C000312,personal,self_employed,0,24,12-35m,low,0,115400.0,QC,mobile
313,C000313,personal,self_employed,0,77,36-83m,low,0,53200.0,QC,mobile
314,C000314,personal,self_employed,0,143,84m+,medium,0,90600.0,ON,branch
315,C000315,personal,retired,0,103,84m+,medium,0,121600.0,ON,branch
316,C000316,personal,student,0,143,84m+,low,0,141800.0,ON,mobile
317,C000317,personal,retired,0,24,12-35m,low,0,49900.0,BC,branch
318,C000318,personal,healthcare_worker,0,116,84m+,low,0,35900.0,AB,online
319,C000319,personal,salaried_employee,0,64,36-83m,medium,0,114400.0,BC,online
320,C000320,personal,student,0,61,36-83m,low,0,41400.0,QC,branch
321,C000321,personal,tradesperson,0,141,84m+,low,0,86300.0,MB,branch
322,C000322,business,consulting,0,119,84m+,low,0,141800.0,ON,branch
323,C000323,personal,tradesperson,0,68,36-83m,low,0,41000.0,ON,branch
324,C000324,personal,tradesperson,0,88,84m+,low,0,66600.0,MB,branch
325,C000325,personal,self_employed,0,30,12-35m,low,0,28900.0,MB,mobile
326,C000326,personal,tradesperson,0,152,84m+,low,0,21500.0,ON,branch
327,C000327,personal,tradesperson,0,85,84m+,low,0,27400.0,BC,mobile
328,C000328,business,logistics,0,83,36-83m,medium,0,1052700.0,ON,online
329,C000329,business,restaurant,1,65,36-83m,low,0,228600.0,QC,online
330,C000330,personal,public_sector,0,40,36-83m,low,0,86300.0,ON,online
331,C000331,business,import_export,0,76,36-83m,low,0,554300.0,ON,mobile
332,C000332,personal,tradesperson,0,48,36-83m,medium,0,35200.0,AB,branch
333,C000333,personal,salaried_employee,0,43,36-83m,low,0,78500.0,ON,online
334,C000334,personal,healthcare_worker,0,17,12-35m,low,0,68000.0,ON,online
335,C000335,business,salon,1,3,00-11m,low,0,420500.0,SK,online
336,C000336,personal,healthcare_worker,0,8,00-11m,medium,0,69700.0,AB,branch
337,C000337,personal,salaried_employee,0,66,36-83m,low,0,81000.0,ON,branch
338,C000338,personal,healthcare_worker,0,93,84m+,low,0,102400.0,QC,online
339,C000339,personal,tradesperson,0,41,36-83m,low,0,148300.0,MB,mobile
340,C000340,personal,public_sector,0,58,36-83m,low,0,52600.0,BC,online
341,C000341,personal,tradesperson,0,81,36-83m,low,0,72400.0,ON,branch
342,C000342,personal,tradesperson,0,85,84m+,medium,0,40400.0,BC,branch
343,C000343,personal,self_employed,0,42,36-83m,low,0,69700.0,BC,branch
344,C000344,business,convenience_retail,1,39,36-83m,low,0,317700.0,ON,mobile
345,C000345,personal,tradesperson,0,18,12-35m,medium,0,74600.0,ON,branch
346,C000346,personal,student,0,25,12-35m,medium,0,25100.0,AB,branch
347,C000347,personal,retired,0,56,36-83m,low,0,79300.0,QC,online
348,C000348,personal,self_employed,0,25,12-35m,medium,0,83900.0,ON,branch
349,C000349,business,auto_dealer,1,72,36-83m,low,0,656900.0,MB,online
350,C000350,personal,student,0,31,12-35m,low,1,29900.0,QC,broker
351,C000351,personal,salaried_employee,0,29,12-35m,low,0,57800.0,QC,branch
352,C000352,personal,tradesperson,0,59,36-83m,low,0,72900.0,ON,online
353,C000353,personal,self_employed,0,152,84m+,low,0,70800.0,ON,branch
354,C000354,personal,public_sector,0,77,36-83m,low,0,54400.0,AB,branch
355,C000355,personal,student,0,53,36-83m,high,0,31200.0,ON,branch
356,C000356,business,money_services,0,83,36-83m,medium,0,223400.0,SK,online
357,C000357,personal,student,0,12,12-35m,low,0,162700.0,ON,mobile
358,C000358,personal,retired,0,36,36-83m,high,0,24100.0,QC,mobile
359,C000359,personal,public_sector,0,74,36-83m,medium,0,54700.0,ON,online
360,C000360,personal,salaried_employee,0,40,36-83m,low,0,56100.0,QC,mobile
361,C000361,personal,student,0,55,36-83m,medium,0,23600.0,ON,mobile
362,C000362,business,construction,0,71,36-83m,medium,0,989700.0,ON,online
363,C000363,personal,public_sector,0,11,00-11m,high,0,39600.0,ON,mobile
364,C000364,personal,self_employed,0,44,36-83m,low,0,87200.0,ON,mobile
365,C000365,personal,salaried_employee,0,42,36-83m,low,0,29900.0,QC,mobile
366,C000366,business,construction,0,50,36-83m,medium,0,690600.0,ON,online
367,C000367,personal,tradesperson,0,121,84m+,medium,0,101800.0,ON,branch
368,C000368,business,import_export,0,81,36-83m,low,0,239000.0,ON,branch
369,C000369,personal,retired,0,30,12-35m,low,0,42700.0,AB,branch
370,C000370,personal,self_employed,0,55,36-83m,medium,0,112700.0,QC,mobile
371,C000371,personal,student,0,57,36-83m,low,0,45500.0,QC,branch
372,C000372,business,construction,0,9,00-11m,low,0,647800.0,ON,mobile
373,C000373,personal,retired,0,11,00-11m,low,0,79900.0,AB,branch
374,C000374,personal,tradesperson,0,62,36-83m,low,0,41600.0,ON,branch
375,C000375,personal,self_employed,0,15,12-35m,medium,0,45600.0,ON,branch
376,C000376,personal,self_employed,0,116,84m+,low,0,58000.0,ON,branch
377,C000377,business,consulting,0,73,36-83m,low,0,142500.0,ON,branch
378,C000378,personal,public_sector,0,8,00-11m,medium,0,40300.0,ON,online
379,C000379,personal,public_sector,0,19,12-35m,low,0,81000.0,ON,branch
380,C000380,business,salon,1,164,84m+,low,1,512800.0,ON,broker
381,C000381,personal,student,0,22,12-35m,low,0,51200.0,QC,mobile
382,C000382,personal,tradesperson,0,23,12-35m,medium,0,48700.0,AB,mobile
383,C000383,business,import_export,0,69,36-83m,low,0,119200.0,NS,branch
384,C000384,personal,public_sector,0,56,36-83m,low,0,50900.0,ON,branch
385,C000385,personal,self_employed,0,75,36-83m,high,0,48500.0,ON,branch
386,C000386,personal,self_employed,0,28,12-35m,low,0,88200.0,BC,online
387,C000387,personal,retired,0,47,36-83m,low,0,117300.0,BC,mobile
388,C000388,business,construction,0,27,12-35m,high,0,144900.0,AB,mobile
389,C000389,personal,salaried_employee,0,100,84m+,medium,0,62500.0,QC,branch
390,C000390,personal,salaried_employee,0,131,84m+,medium,0,46900.0,QC,online
391,C000391,personal,healthcare_worker,0,45,36-83m,low,0,274900.0,ON,mobile
392,C000392,personal,self_employed,0,85,84m+,low,0,62600.0,ON,branch
393,C000393,personal,public_sector,0,32,12-35m,high,0,156400.0,BC,branch
394,C000394,personal,self_employed,0,35,12-35m,medium,0,35600.0,QC,broker
395,C000395,personal,self_employed,0,104,84m+,low,0,37300.0,QC,mobile
396,C000396,personal,self_employed,0,39,36-83m,medium,0,100700.0,MB,branch
397,C000397,personal,public_sector,0,57,36-83m,low,0,73300.0,AB,branch
398,C000398,personal,student,0,36,36-83m,low,0,151800.0,ON,mobile
399,C000399,business,construction,0,5,00-11m,low,0,132800.0,QC,mobile
400,C000400,personal,tradesperson,0,95,84m+,low,0,20600.0,AB,mobile
401,C000401,personal,public_sector,0,49,36-83m,low,0,44800.0,ON,branch
402,C000402,personal,retired,0,137,84m+,low,0,71200.0,ON,branch
403,C000403,personal,public_sector,0,118,84m+,high,0,71800.0,ON,branch
404,C000404,business,import_export,0,42,36-83m,low,0,1204900.0,SK,online
405,C000405,personal,salaried_employee,0,76,36-83m,low,0,41700.0,BC,online
406,C000406,personal,salaried_employee,0,19,12-35m,medium,0,87400.0,ON,branch
407,C000407,business,auto_dealer,1,39,36-83m,low,0,366400.0,BC,online
408,C000408,personal,tradesperson,0,83,36-83m,low,0,117800.0,ON,mobile
409,C000409,personal,student,0,126,84m+,low,0,41200.0,QC,broker
410,C000410,personal,retired,0,25,12-35m,low,0,110700.0,BC,mobile
411,C000411,business,consulting,0,63,36-83m,medium,0,493100.0,ON,mobile
412,C000412,personal,retired,0,42,36-83m,low,0,97500.0,ON,online
413,C000413,business,money_services,0,20,12-35m,low,0,153100.0,QC,mobile
414,C000414,personal,tradesperson,0,33,12-35m,medium,0,68600.0,NS,mobile
415,C000415,personal,tradesperson,0,53,36-83m,high,0,71100.0,BC,mobile
416,C000416,personal,student,0,70,36-83m,low,0,34700.0,QC,branch
417,C000417,personal,self_employed,0,85,84m+,low,0,33100.0,QC,branch
418,C000418,personal,salaried_employee,0,10,00-11m,medium,0,26300.0,BC,mobile
419,C000419,business,import_export,0,121,84m+,low,0,512600.0,ON,mobile
420,C000420,business,restaurant,1,18,12-35m,low,0,199800.0,ON,online
421,C000421,personal,salaried_employee,0,129,84m+,low,0,57200.0,ON,online
422,C000422,personal,self_employed,0,135,84m+,medium,0,85000.0,ON,mobile
423,C000423,personal,healthcare_worker,0,12,12-35m,high,0,67700.0,QC,branch
424,C000424,personal,public_sector,0,25,12-35m,low,0,78300.0,QC,online
425,C000425,personal,salaried_employee,0,80,36-83m,low,0,64500.0,ON,branch
426,C000426,personal,salaried_employee,0,117,84m+,medium,0,61800.0,ON,broker
427,C000427,business,consulting,0,51,36-83m,low,0,262600.0,ON,branch
428,C000428,personal,retired,0,23,12-35m,low,0,65900.0,ON,broker
429,C000429,personal,self_employed,0,17,12-35m,low,0,45500.0,AB,mobile
430,C000430,business,auto_dealer,1,147,84m+,high,0,1237800.0,ON,online
431,C000431,personal,salaried_employee,0,11,00-11m,low,0,78400.0,ON,branch
432,C000432,personal,public_sector,0,148,84m+,low,0,75300.0,AB,branch
433,C000433,personal,self_employed,0,73,36-83m,low,0,132300.0,QC,branch
434,C000434,business,import_export,0,65,36-83m,medium,0,144000.0,ON,mobile
435,C000435,personal,healthcare_worker,0,131,84m+,low,0,196800.0,ON,broker
436,C000436,personal,public_sector,0,66,36-83m,low,0,118700.0,BC,online
437,C000437,personal,self_employed,0,108,84m+,medium,0,123600.0,QC,branch
438,C000438,personal,public_sector,0,93,84m+,low,0,27500.0,QC,broker
439,C000439,personal,retired,0,65,36-83m,low,0,34200.0,AB,branch
440,C000440,personal,salaried_employee,0,34,12-35m,low,0,20800.0,QC,branch
441,C000441,business,import_export,0,34,12-35m,low,0,1791600.0,ON,branch
442,C000442,personal,tradesperson,0,80,36-83m,low,0,47500.0,ON,broker
443,C000443,business,salon,1,127,84m+,high,0,511800.0,AB,mobile
444,C000444,personal,self_employed,0,60,36-83m,medium,0,56500.0,ON,online
445,C000445,personal,student,0,28,12-35m,low,0,91200.0,QC,branch
446,C000446,personal,student,0,184,84m+,low,0,53200.0,BC,branch
447,C000447,personal,tradesperson,0,60,36-83m,medium,0,37000.0,ON,branch
448,C000448,business,consulting,0,69,36-83m,low,0,62600.0,ON,mobile
449,C000449,personal,public_sector,0,82,36-83m,low,0,29300.0,QC,online
450,C000450,personal,student,0,69,36-83m,low,0,27500.0,BC,mobile
451,C000451,personal,student,0,84,84m+,medium,0,54400.0,QC,branch
452,C000452,personal,healthcare_worker,0,107,84m+,low,0,14700.0,AB,online
453,C000453,business,salon,1,67,36-83m,low,1,160800.0,ON,branch
454,C000454,personal,self_employed,0,4,00-11m,low,0,81500.0,MB,branch
455,C000455,personal,tradesperson,0,31,12-35m,high,0,117800.0,AB,mobile
456,C000456,personal,public_sector,0,82,36-83m,low,0,116100.0,ON,branch
457,C000457,personal,public_sector,0,158,84m+,high,0,123100.0,ON,mobile
458,C000458,business,construction,0,91,84m+,low,0,1148300.0,AB,mobile
459,C000459,personal,salaried_employee,0,15,12-35m,low,0,69200.0,ON,online
460,C000460,personal,retired,0,63,36-83m,low,0,63700.0,AB,branch
461,C000461,personal,salaried_employee,0,120,84m+,medium,0,133400.0,QC,mobile
462,C000462,personal,salaried_employee,0,50,36-83m,low,0,36200.0,ON,branch
463,C000463,personal,self_employed,0,49,36-83m,low,0,65600.0,QC,branch
464,C000464,business,consulting,0,12,12-35m,high,0,574200.0,BC,mobile
465,C000465,personal,healthcare_worker,0,44,36-83m,low,0,27900.0,ON,branch
466,C000466,business,consulting,0,258,84m+,low,0,137900.0,ON,online
467,C000467,business,import_export,0,67,36-83m,low,0,192900.0,ON,online
468,C000468,business,construction,0,73,36-83m,low,0,84700.0,QC,mobile
469,C000469,personal,retired,0,31,12-35m,low,0,45300.0,QC,online
470,C000470,personal,self_employed,0,96,84m+,low,0,108900.0,ON,branch
471,C000471,personal,public_sector,0,14,12-35m,medium,0,93500.0,QC,branch
472,C000472,business,consulting,0,61,36-83m,medium,0,516300.0,QC,branch
473,C000473,personal,retired,0,41,36-83m,low,0,62200.0,ON,branch
474,C000474,personal,self_employed,0,83,36-83m,medium,0,41300.0,ON,branch
475,C000475,personal,public_sector,0,15,12-35m,low,0,74000.0,QC,online
476,C000476,personal,self_employed,0,194,84m+,low,0,51100.0,ON,branch
477,C000477,business,restaurant,1,11,00-11m,low,0,767300.0,ON,online
478,C000478,personal,self_employed,0,31,12-35m,low,0,60700.0,QC,broker
479,C000479,business,import_export,0,23,12-35m,low,0,200300.0,ON,branch
480,C000480,personal,self_employed,0,50,36-83m,low,0,43200.0,ON,online
481,C000481,personal,self_employed,0,116,84m+,low,0,14300.0,MB,branch
482,C000482,personal,public_sector,0,16,12-35m,low,0,24600.0,QC,branch
483,C000483,personal,tradesperson,0,20,12-35m,low,0,39600.0,BC,mobile
484,C000484,business,salon,1,95,84m+,medium,0,1712000.0,ON,online
485,C000485,personal,retired,0,41,36-83m,low,0,87900.0,QC,online
486,C000486,personal,salaried_employee,0,29,12-35m,low,0,35400.0,ON,branch
487,C000487,personal,public_sector,0,56,36-83m,low,0,44400.0,QC,mobile
488,C000488,personal,student,0,15,12-35m,low,0,42300.0,AB,branch
489,C000489,business,logistics,0,65,36-83m,low,0,331500.0,ON,online
490,C000490,business,money_services,0,37,36-83m,low,0,298400.0,BC,branch
491,C000491,personal,public_sector,0,43,36-83m,low,0,50100.0,BC,branch
492,C000492,personal,salaried_employee,0,72,36-83m,low,0,111500.0,AB,mobile
493,C000493,personal,retired,0,139,84m+,low,0,57300.0,QC,online
494,C000494,personal,tradesperson,0,20,12-35m,high,0,87000.0,BC,mobile
495,C000495,personal,healthcare_worker,0,60,36-83m,high,0,88200.0,QC,online
496,C000496,personal,self_employed,0,91,84m+,high,0,34000.0,BC,broker
497,C000497,personal,retired,0,33,12-35m,low,0,61800.0,AB,mobile
498,C000498,personal,retired,0,64,36-83m,low,0,41800.0,QC,mobile
499,C000499,personal,public_sector,0,92,84m+,low,0,39900.0,AB,branch
500,C000500,business,import_export,0,46,36-83m,low,0,134400.0,ON,online
501,C000501,personal,tradesperson,0,42,36-83m,low,0,47300.0,BC,branch
502,C000502,personal,tradesperson,0,187,84m+,low,0,55900.0,ON,online
503,C000503,personal,student,0,106,84m+,low,0,77900.0,QC,branch
504,C000504,business,money_services,0,39,36-83m,medium,0,1375100.0,QC,online
505,C000505,personal,self_employed,0,36,36-83m,medium,0,82100.0,BC,online
506,C000506,personal,retired,0,139,84m+,medium,0,93500.0,BC,online
507,C000507,personal,healthcare_worker,0,37,36-83m,low,0,63100.0,BC,branch
508,C000508,personal,retired,0,181,84m+,medium,0,87800.0,BC,online
509,C000509,business,construction,0,39,36-83m,low,0,1193000.0,AB,mobile
510,C000510,business,restaurant,1,12,12-35m,low,0,1050500.0,ON,online
511,C000511,business,construction,0,6,00-11m,high,0,70600.0,AB,branch
512,C000512,personal,healthcare_worker,0,8,00-11m,low,0,106100.0,ON,branch
513,C000513,personal,student,0,59,36-83m,high,0,98900.0,AB,branch
514,C000514,business,restaurant,1,81,36-83m,low,0,99900.0,AB,branch
515,C000515,personal,retired,0,128,84m+,low,0,47000.0,ON,mobile
516,C000516,business,import_export,0,48,36-83m,low,0,604300.0,ON,branch
517,C000517,personal,self_employed,0,52,36-83m,low,0,26900.0,AB,online
518,C000518,personal,salaried_employee,0,28,12-35m,low,0,63400.0,QC,branch
519,C000519,personal,tradesperson,0,20,12-35m,medium,0,73000.0,QC,online
520,C000520,personal,retired,0,68,36-83m,medium,0,74200.0,ON,online
521,C000521,business,consulting,0,66,36-83m,low,0,129100.0,AB,broker
522,C000522,personal,tradesperson,0,8,00-11m,medium,0,54700.0,NS,broker
523,C000523,personal,retired,0,51,36-83m,low,0,32000.0,BC,online
524,C000524,personal,self_employed,0,53,36-83m,low,0,40200.0,ON,branch
525,C000525,personal,tradesperson,0,29,12-35m,low,0,67700.0,AB,broker
526,C000526,personal,self_employed,0,50,36-83m,low,0,38900.0,BC,mobile
527,C000527,personal,salaried_employee,0,23,12-35m,medium,0,60200.0,SK,online
528,C000528,personal,healthcare_worker,0,101,84m+,low,0,41700.0,AB,broker
529,C000529,personal,self_employed,0,50,36-83m,medium,0,94100.0,QC,branch
530,C000530,business,logistics,0,72,36-83m,low,0,274700.0,AB,branch
531,C000531,personal,healthcare_worker,0,21,12-35m,low,0,20300.0,ON,online
532,C000532,business,auto_dealer,1,6,00-11m,medium,0,248900.0,ON,branch
533,C000533,personal,retired,0,72,36-83m,medium,0,116500.0,ON,branch
534,C000534,personal,public_sector,0,44,36-83m,medium,0,59100.0,ON,branch
535,C000535,personal,self_employed,0,64,36-83m,medium,0,42100.0,NS,mobile
536,C000536,personal,self_employed,0,164,84m+,low,0,156100.0,BC,branch
537,C000537,personal,public_sector,0,152,84m+,low,0,120400.0,QC,broker
538,C000538,personal,healthcare_worker,0,23,12-35m,medium,0,76900.0,QC,mobile
539,C000539,personal,retired,0,10,00-11m,low,0,32000.0,BC,branch
540,C000540,personal,salaried_employee,0,40,36-83m,low,0,59300.0,BC,online
541,C000541,personal,public_sector,0,53,36-83m,low,0,69800.0,MB,broker
542,C000542,personal,salaried_employee,0,37,36-83m,low,0,89500.0,ON,branch
543,C000543,personal,retired,0,46,36-83m,low,0,36000.0,AB,mobile
544,C000544,personal,tradesperson,0,129,84m+,low,0,27800.0,BC,branch
545,C000545,personal,student,0,57,36-83m,low,0,52300.0,QC,branch
546,C000546,personal,healthcare_worker,0,148,84m+,low,0,55700.0,NS,branch
547,C000547,personal,tradesperson,0,36,36-83m,low,0,36300.0,ON,mobile
548,C000548,business,construction,0,51,36-83m,high,0,223200.0,BC,branch
549,C000549,business,salon,1,25,12-35m,low,0,256800.0,ON,branch
550,C000550,personal,public_sector,0,47,36-83m,low,0,30800.0,QC,online
551,C000551,personal,retired,0,65,36-83m,low,0,66200.0,AB,online
552,C000552,personal,salaried_employee,0,32,12-35m,low,0,122900.0,ON,branch
553,C000553,business,salon,1,77,36-83m,high,0,499600.0,ON,branch
554,C000554,business,logistics,0,117,84m+,low,0,68100.0,SK,branch
555,C000555,personal,student,0,33,12-35m,low,0,27600.0,ON,branch
556,C000556,business,construction,0,81,36-83m,low,0,256600.0,AB,mobile
557,C000557,personal,healthcare_worker,0,102,84m+,low,0,79100.0,AB,online
558,C000558,personal,tradesperson,0,12,12-35m,low,0,28400.0,ON,branch
559,C000559,business,restaurant,1,6,00-11m,medium,0,180900.0,ON,branch
560,C000560,business,auto_dealer,1,27,12-35m,low,0,83600.0,BC,broker
561,C000561,business,logistics,0,29,12-35m,low,0,162800.0,QC,branch
562,C000562,personal,healthcare_worker,0,69,36-83m,low,0,48400.0,ON,branch
563,C000563,personal,tradesperson,0,48,36-83m,low,0,30400.0,AB,branch
564,C000564,personal,retired,0,34,12-35m,low,0,32000.0,AB,branch
565,C000565,personal,public_sector,0,86,84m+,high,0,90500.0,BC,broker
566,C000566,personal,student,0,19,12-35m,medium,0,168000.0,QC,mobile
567,C000567,personal,self_employed,0,32,12-35m,low,0,48500.0,ON,broker
568,C000568,business,restaurant,1,8,00-11m,low,0,381600.0,BC,online
569,C000569,personal,student,0,170,84m+,medium,0,31900.0,ON,online
570,C000570,personal,self_employed,0,51,36-83m,low,0,49500.0,BC,mobile
571,C000571,personal,salaried_employee,0,71,36-83m,low,0,95500.0,ON,online
572,C000572,personal,retired,0,35,12-35m,low,0,66500.0,ON,branch
573,C000573,personal,salaried_employee,0,11,00-11m,medium,0,39300.0,QC,online
574,C000574,personal,retired,0,74,36-83m,high,0,120700.0,QC,online
575,C000575,personal,self_employed,0,26,12-35m,low,0,95700.0,ON,mobile
576,C000576,personal,self_employed,0,33,12-35m,high,0,84000.0,SK,branch
577,C000577,business,auto_dealer,1,55,36-83m,low,0,222900.0,QC,online
578,C000578,personal,public_sector,0,9,00-11m,low,0,31800.0,MB,online
579,C000579,personal,healthcare_worker,0,86,84m+,medium,0,44600.0,ON,branch
580,C000580,personal,student,0,9,00-11m,low,0,50800.0,ON,mobile
581,C000581,personal,healthcare_worker,0,42,36-83m,low,0,160000.0,ON,online
582,C000582,personal,student,0,41,36-83m,medium,0,60600.0,AB,online
583,C000583,personal,retired,0,28,12-35m,medium,0,39400.0,QC,branch
584,C000584,personal,healthcare_worker,0,92,84m+,low,0,53400.0,ON,branch
585,C000585,business,salon,1,70,36-83m,low,0,444500.0,ON,branch
586,C000586,personal,student,0,68,36-83m,low,0,63600.0,BC,online
587,C000587,personal,self_employed,0,53,36-83m,low,0,29900.0,ON,branch
588,C000588,business,money_services,0,13,12-35m,low,0,454800.0,BC,online
589,C000589,personal,public_sector,0,87,84m+,low,0,34900.0,AB,mobile
590,C000590,personal,retired,0,26,12-35m,medium,0,102500.0,ON,branch
591,C000591,personal,salaried_employee,0,74,36-83m,low,0,25800.0,ON,online
592,C000592,personal,salaried_employee,0,71,36-83m,medium,0,78100.0,QC,broker
593,C000593,personal,salaried_employee,0,95,84m+,low,0,22400.0,BC,branch
594,C000594,personal,retired,0,8,00-11m,low,0,62700.0,QC,branch
595,C000595,personal,tradesperson,0,42,36-83m,medium,0,26800.0,QC,mobile
596,C000596,personal,student,0,48,36-83m,low,0,229600.0,ON,branch
597,C000597,personal,salaried_employee,0,48,36-83m,low,0,64900.0,ON,online
598,C000598,personal,student,0,12,12-35m,low,0,89000.0,SK,mobile
599,C000599,personal,retired,0,84,84m+,medium,0,64500.0,ON,branch
600,C000600,personal,tradesperson,0,27,12-35m,low,0,85000.0,QC,broker
601,C000601,business,consulting,0,72,36-83m,medium,0,288600.0,BC,branch
602,C000602,personal,student,0,29,12-35m,low,0,58500.0,ON,mobile
603,C000603,personal,self_employed,0,85,84m+,medium,0,63800.0,AB,broker
604,C000604,personal,public_sector,0,71,36-83m,low,0,88000.0,ON,online
605,C000605,business,logistics,0,9,00-11m,low,0,200000.0,BC,mobile
606,C000606,personal,self_employed,0,85,84m+,low,0,79100.0,QC,online
607,C000607,personal,self_employed,0,87,84m+,high,0,47400.0,ON,branch
608,C000608,personal,retired,0,30,12-35m,high,0,28800.0,QC,mobile
609,C000609,personal,healthcare_worker,0,45,36-83m,low,0,34700.0,AB,branch
610,C000610,personal,tradesperson,0,29,12-35m,low,0,80200.0,QC,online
611,C000611,personal,tradesperson,0,33,12-35m,low,0,22900.0,ON,branch
612,C000612,business,import_export,0,78,36-83m,low,0,1323500.0,ON,branch
613,C000613,business,construction,0,68,36-83m,low,0,123300.0,QC,branch
614,C000614,personal,public_sector,0,111,84m+,low,0,169300.0,ON,branch
615,C000615,personal,tradesperson,0,35,12-35m,high,0,75800.0,AB,mobile
616,C000616,personal,self_employed,0,137,84m+,low,0,52000.0,QC,branch
617,C000617,business,restaurant,1,25,12-35m,high,0,281700.0,QC,mobile
618,C000618,business,salon,1,25,12-35m,medium,0,203800.0,AB,branch
619,C000619,personal,student,0,22,12-35m,low,0,85000.0,BC,branch
620,C000620,personal,salaried_employee,0,100,84m+,low,0,78400.0,QC,mobile
621,C000621,personal,student,0,30,12-35m,low,0,42700.0,ON,branch
622,C000622,personal,tradesperson,0,101,84m+,low,0,58300.0,AB,branch
623,C000623,personal,retired,0,16,12-35m,high,0,28300.0,QC,branch
624,C000624,business,consulting,0,19,12-35m,low,0,453900.0,NS,branch
625,C000625,personal,self_employed,0,75,36-83m,low,0,114900.0,ON,branch
626,C000626,personal,self_employed,0,103,84m+,high,0,48300.0,NS,branch
627,C000627,personal,retired,0,56,36-83m,low,0,29500.0,BC,mobile
628,C000628,personal,tradesperson,0,56,36-83m,low,0,139900.0,ON,broker
629,C000629,personal,public_sector,0,68,36-83m,low,0,54700.0,ON,branch
630,C000630,business,restaurant,1,69,36-83m,medium,0,129500.0,ON,mobile
631,C000631,personal,public_sector,0,132,84m+,low,0,79900.0,QC,branch
632,C000632,personal,public_sector,0,96,84m+,low,0,88900.0,ON,branch
633,C000633,personal,tradesperson,0,24,12-35m,low,0,43200.0,ON,branch
634,C000634,personal,student,0,56,36-83m,low,0,40800.0,AB,branch
635,C000635,personal,public_sector,0,53,36-83m,medium,0,54200.0,QC,mobile
636,C000636,personal,self_employed,0,39,36-83m,low,0,62600.0,ON,branch
637,C000637,personal,self_employed,0,25,12-35m,low,0,35900.0,QC,mobile
638,C000638,personal,student,0,9,00-11m,medium,0,147000.0,AB,online
639,C000639,business,construction,0,78,36-83m,low,0,636400.0,AB,branch
640,C000640,personal,salaried_employee,0,28,12-35m,low,0,48500.0,MB,online
641,C000641,personal,public_sector,0,11,00-11m,low,0,95700.0,BC,branch
642,C000642,business,import_export,0,52,36-83m,medium,0,850400.0,BC,online
643,C000643,personal,healthcare_worker,0,35,12-35m,high,0,19000.0,BC,online
644,C000644,personal,retired,0,111,84m+,medium,0,108000.0,AB,branch
645,C000645,personal,public_sector,0,91,84m+,medium,0,55400.0,ON,branch
646,C000646,personal,tradesperson,0,11,00-11m,low,0,44000.0,ON,mobile
647,C000647,personal,public_sector,0,56,36-83m,low,0,52500.0,ON,online
648,C000648,personal,retired,0,134,84m+,low,0,81700.0,ON,mobile
649,C000649,personal,healthcare_worker,0,124,84m+,medium,0,41000.0,MB,branch
650,C000650,personal,public_sector,0,49,36-83m,low,0,114900.0,BC,online
651,C000651,personal,public_sector,0,41,36-83m,low,0,95400.0,BC,broker
652,C000652,personal,salaried_employee,0,108,84m+,low,0,59800.0,BC,mobile
653,C000653,personal,student,0,111,84m+,high,0,65500.0,BC,branch
654,C000654,personal,salaried_employee,0,107,84m+,medium,0,86300.0,AB,mobile
655,C000655,personal,tradesperson,0,38,36-83m,low,0,69800.0,ON,broker
656,C000656,personal,tradesperson,0,68,36-83m,low,0,38900.0,QC,online
657,C000657,personal,retired,0,76,36-83m,low,0,44700.0,ON,mobile
658,C000658,personal,retired,0,81,36-83m,medium,0,38200.0,ON,branch
659,C000659,personal,student,0,69,36-83m,medium,0,35200.0,ON,branch
660,C000660,personal,self_employed,0,61,36-83m,low,0,205300.0,ON,online
661,C000661,personal,tradesperson,0,133,84m+,high,0,41000.0,ON,branch
662,C000662,personal,self_employed,0,64,36-83m,medium,0,30200.0,ON,branch
663,C000663,personal,self_employed,0,100,84m+,low,0,94500.0,QC,online
664,C000664,business,auto_dealer,1,136,84m+,medium,0,964600.0,AB,branch
665,C000665,personal,self_employed,0,71,36-83m,low,0,23800.0,ON,branch
666,C000666,personal,retired,0,31,12-35m,low,0,64700.0,SK,broker
667,C000667,personal,self_employed,0,93,84m+,low,0,76000.0,ON,online
668,C000668,business,construction,0,29,12-35m,medium,0,175000.0,QC,online
669,C000669,personal,student,0,133,84m+,low,0,105000.0,QC,mobile
670,C000670,personal,tradesperson,0,39,36-83m,low,0,44800.0,BC,branch
671,C000671,personal,student,0,100,84m+,low,0,77900.0,AB,mobile
672,C000672,business,consulting,0,58,36-83m,low,0,862100.0,ON,branch
673,C000673,personal,healthcare_worker,0,72,36-83m,low,0,40400.0,ON,broker
674,C000674,personal,self_employed,0,8,00-11m,high,0,69300.0,ON,branch
675,C000675,personal,healthcare_worker,0,35,12-35m,low,0,117300.0,ON,branch
676,C000676,personal,tradesperson,0,151,84m+,low,0,119400.0,BC,online
677,C000677,personal,public_sector,0,21,12-35m,low,0,134600.0,AB,branch
678,C000678,business,construction,0,40,36-83m,medium,0,320300.0,QC,mobile
679,C000679,personal,retired,0,92,84m+,low,0,61600.0,AB,online
680,C000680,personal,retired,0,42,36-83m,low,0,73300.0,ON,mobile
681,C000681,personal,salaried_employee,0,41,36-83m,low,0,53700.0,QC,branch
682,C000682,personal,public_sector,0,30,12-35m,low,0,58900.0,BC,online
683,C000683,personal,tradesperson,0,124,84m+,low,0,53100.0,AB,broker
684,C000684,personal,healthcare_worker,0,3,00-11m,medium,0,34300.0,ON,broker
685,C000685,personal,student,0,13,12-35m,medium,0,67300.0,QC,branch
686,C000686,personal,self_employed,0,186,84m+,low,0,90100.0,ON,branch
687,C000687,personal,healthcare_worker,0,234,84m+,low,0,52300.0,ON,branch
688,C000688,personal,tradesperson,0,148,84m+,low,0,61000.0,AB,branch
689,C000689,personal,student,0,95,84m+,low,0,41700.0,AB,branch
690,C000690,personal,self_employed,0,12,12-35m,low,0,47100.0,MB,mobile
691,C000691,business,money_services,0,5,00-11m,low,0,216900.0,BC,online
692,C000692,personal,public_sector,0,20,12-35m,low,0,71900.0,QC,online
693,C000693,personal,public_sector,0,43,36-83m,medium,0,52000.0,NS,online
694,C000694,personal,healthcare_worker,0,19,12-35m,medium,0,58700.0,ON,branch
695,C000695,personal,tradesperson,0,75,36-83m,low,0,63700.0,BC,branch
696,C000696,personal,self_employed,0,98,84m+,high,0,115100.0,BC,branch
697,C000697,personal,healthcare_worker,0,21,12-35m,low,0,105400.0,AB,mobile
698,C000698,personal,student,0,10,00-11m,low,0,93800.0,QC,branch
699,C000699,business,consulting,0,25,12-35m,medium,0,192200.0,AB,online
700,C000700,personal,student,0,131,84m+,low,0,45800.0,BC,branch
701,C000701,personal,public_sector,0,57,36-83m,medium,0,85400.0,ON,branch
702,C000702,personal,healthcare_worker,0,124,84m+,low,0,74200.0,ON,branch
703,C000703,personal,salaried_employee,0,48,36-83m,high,1,34400.0,ON,branch
704,C000704,personal,tradesperson,0,41,36-83m,low,0,73700.0,ON,online
705,C000705,personal,public_sector,0,2,00-11m,low,0,23500.0,AB,mobile
706,C000706,personal,student,0,19,12-35m,low,0,60100.0,ON,online
707,C000707,personal,retired,0,49,36-83m,low,0,44400.0,ON,branch
708,C000708,personal,healthcare_worker,0,29,12-35m,low,0,40500.0,ON,branch
709,C000709,personal,retired,0,39,36-83m,low,0,98600.0,ON,online
710,C000710,personal,retired,0,52,36-83m,low,0,18800.0,BC,branch
711,C000711,business,construction,0,15,12-35m,medium,0,422100.0,QC,online
712,C000712,personal,tradesperson,0,8,00-11m,low,0,90200.0,AB,branch
713,C000713,personal,retired,0,109,84m+,low,0,57600.0,BC,online
714,C000714,business,money_services,0,46,36-83m,low,0,624900.0,ON,mobile
715,C000715,personal,tradesperson,0,16,12-35m,low,0,53500.0,QC,mobile
716,C000716,personal,retired,0,117,84m+,low,0,49700.0,QC,branch
717,C000717,personal,public_sector,0,14,12-35m,low,0,63800.0,BC,branch
718,C000718,personal,tradesperson,0,49,36-83m,low,0,60600.0,ON,branch
719,C000719,personal,public_sector,0,32,12-35m,low,0,45100.0,BC,branch
720,C000720,personal,public_sector,0,27,12-35m,low,0,67600.0,QC,branch
721,C000721,business,import_export,0,51,36-83m,low,0,363300.0,AB,mobile
722,C000722,personal,salaried_employee,0,116,84m+,low,0,77700.0,QC,branch
723,C000723,personal,public_sector,0,77,36-83m,low,0,59100.0,QC,mobile
724,C000724,business,consulting,0,13,12-35m,low,0,254500.0,QC,online
725,C000725,business,import_export,0,135,84m+,low,0,2080700.0,QC,online
726,C000726,business,import_export,0,21,12-35m,low,0,376200.0,BC,online
727,C000727,business,convenience_retail,1,89,84m+,low,0,874300.0,ON,mobile
728,C000728,personal,student,0,106,84m+,low,0,29900.0,QC,branch
729,C000729,business,construction,0,61,36-83m,low,0,238000.0,QC,online
730,C000730,business,restaurant,1,52,36-83m,low,0,190900.0,ON,mobile
731,C000731,personal,retired,0,33,12-35m,low,0,66200.0,ON,branch
732,C000732,personal,tradesperson,0,7,00-11m,medium,0,27100.0,ON,online
733,C000733,business,auto_dealer,1,86,84m+,high,0,361700.0,ON,mobile
734,C000734,business,auto_dealer,1,118,84m+,medium,0,720500.0,ON,branch
735,C000735,personal,student,0,49,36-83m,low,0,25300.0,AB,mobile
736,C000736,personal,retired,0,85,84m+,low,0,51900.0,ON,branch
737,C000737,personal,public_sector,0,54,36-83m,low,0,36000.0,QC,branch
738,C000738,personal,retired,0,32,12-35m,low,1,53500.0,BC,branch
739,C000739,personal,self_employed,0,6,00-11m,low,0,23400.0,QC,online
740,C000740,personal,student,0,125,84m+,low,0,61000.0,AB,branch
741,C000741,business,restaurant,1,39,36-83m,low,0,330700.0,AB,online
742,C000742,personal,self_employed,0,12,12-35m,low,0,47200.0,ON,mobile
743,C000743,personal,healthcare_worker,0,14,12-35m,low,0,52500.0,QC,branch
744,C000744,personal,retired,0,131,84m+,low,0,102700.0,BC,online
745,C000745,personal,retired,0,87,84m+,low,0,60200.0,AB,branch
746,C000746,business,logistics,0,40,36-83m,medium,0,573900.0,BC,branch
747,C000747,personal,salaried_employee,0,113,84m+,low,0,131500.0,BC,branch
748,C000748,personal,student,0,63,36-83m,low,0,67400.0,ON,branch
749,C000749,business,money_services,0,23,12-35m,low,0,373100.0,ON,branch
750,C000750,business,logistics,0,44,36-83m,medium,0,658700.0,ON,branch
751,C000751,business,convenience_retail,1,55,36-83m,low,0,483100.0,ON,branch
752,C000752,personal,self_employed,0,50,36-83m,low,0,92100.0,QC,online
753,C000753,personal,tradesperson,0,175,84m+,medium,0,74900.0,BC,online
754,C000754,business,money_services,0,95,84m+,medium,0,65600.0,AB,branch
755,C000755,business,convenience_retail,1,129,84m+,low,0,72800.0,ON,branch
756,C000756,personal,tradesperson,0,72,36-83m,medium,0,56500.0,ON,branch
757,C000757,business,salon,1,118,84m+,high,0,427400.0,ON,online
758,C000758,business,auto_dealer,1,58,36-83m,high,0,439700.0,ON,mobile
759,C000759,personal,student,0,81,36-83m,low,0,52700.0,MB,mobile
760,C000760,personal,student,0,71,36-83m,low,0,113300.0,MB,mobile
761,C000761,personal,salaried_employee,0,51,36-83m,medium,0,151100.0,QC,mobile
762,C000762,business,consulting,0,45,36-83m,low,0,704800.0,ON,online
763,C000763,business,restaurant,1,56,36-83m,low,0,125400.0,QC,mobile
764,C000764,personal,tradesperson,0,46,36-83m,low,0,49100.0,ON,online
765,C000765,personal,salaried_employee,0,54,36-83m,low,0,25100.0,ON,branch
766,C000766,personal,tradesperson,0,26,12-35m,low,0,62500.0,AB,online
767,C000767,personal,public_sector,0,36,36-83m,medium,0,51800.0,ON,branch
768,C000768,business,restaurant,1,53,36-83m,low,0,231500.0,ON,branch
769,C000769,personal,student,0,59,36-83m,medium,0,40700.0,SK,branch
770,C000770,personal,public_sector,0,28,12-35m,high,0,188000.0,ON,mobile
771,C000771,personal,tradesperson,0,43,36-83m,low,0,78300.0,ON,broker
772,C000772,personal,tradesperson,0,72,36-83m,medium,0,38700.0,AB,broker
773,C000773,personal,tradesperson,0,57,36-83m,medium,0,31100.0,AB,mobile
774,C000774,business,money_services,0,43,36-83m,low,0,685900.0,ON,branch
775,C000775,business,logistics,0,109,84m+,low,0,535100.0,ON,online
776,C000776,business,consulting,0,14,12-35m,low,0,109400.0,ON,branch
777,C000777,personal,tradesperson,0,81,36-83m,low,0,108900.0,ON,mobile
778,C000778,business,auto_dealer,1,41,36-83m,high,0,526500.0,ON,online
779,C000779,personal,public_sector,0,138,84m+,medium,0,48500.0,AB,online
780,C000780,personal,student,0,42,36-83m,medium,0,44200.0,ON,online
781,C000781,personal,tradesperson,0,44,36-83m,low,0,42900.0,ON,branch
782,C000782,personal,tradesperson,0,30,12-35m,high,0,65900.0,QC,online
783,C000783,business,salon,1,51,36-83m,low,0,673000.0,AB,branch
784,C000784,personal,healthcare_worker,0,91,84m+,low,0,48300.0,ON,online
785,C000785,personal,salaried_employee,0,14,12-35m,low,0,39100.0,NS,online
786,C000786,personal,retired,0,11,00-11m,medium,0,63400.0,QC,online
787,C000787,personal,public_sector,0,41,36-83m,low,0,37900.0,BC,online
788,C000788,business,convenience_retail,1,72,36-83m,low,0,427400.0,ON,branch
789,C000789,personal,student,0,40,36-83m,low,0,89300.0,QC,branch
790,C000790,personal,self_employed,0,48,36-83m,low,0,37400.0,BC,mobile
791,C000791,personal,salaried_employee,0,127,84m+,low,0,92500.0,AB,online
792,C000792,business,logistics,0,199,84m+,low,0,229500.0,QC,mobile
793,C000793,business,auto_dealer,1,24,12-35m,low,0,166800.0,ON,online
794,C000794,personal,self_employed,0,63,36-83m,low,0,41400.0,ON,online
795,C000795,personal,retired,0,153,84m+,low,0,227400.0,ON,online
796,C000796,personal,healthcare_worker,0,115,84m+,low,0,109400.0,ON,mobile
797,C000797,business,import_export,0,32,12-35m,medium,0,281200.0,QC,branch
798,C000798,personal,healthcare_worker,0,8,00-11m,low,0,54000.0,AB,mobile
799,C000799,personal,tradesperson,0,67,36-83m,low,0,68100.0,ON,branch
800,C000800,business,import_export,0,27,12-35m,low,0,519400.0,ON,broker
801,C000801,business,restaurant,1,174,84m+,medium,0,719600.0,ON,branch
802,C000802,personal,salaried_employee,0,52,36-83m,low,0,89500.0,ON,online
803,C000803,personal,healthcare_worker,0,137,84m+,low,0,60600.0,ON,mobile
804,C000804,business,restaurant,1,65,36-83m,high,0,172800.0,QC,branch
805,C000805,business,money_services,0,88,84m+,low,0,261800.0,ON,mobile
806,C000806,personal,self_employed,0,156,84m+,low,0,51200.0,MB,mobile
807,C000807,business,salon,1,24,12-35m,medium,0,65500.0,MB,mobile
808,C000808,personal,salaried_employee,0,76,36-83m,low,0,71600.0,QC,online
809,C000809,personal,public_sector,0,89,84m+,low,0,61600.0,ON,branch
810,C000810,business,auto_dealer,1,7,00-11m,medium,0,185800.0,ON,branch
811,C000811,personal,self_employed,0,23,12-35m,low,0,48300.0,BC,online
812,C000812,personal,public_sector,0,45,36-83m,medium,0,34600.0,AB,branch
813,C000813,business,money_services,0,35,12-35m,low,0,156400.0,ON,online
814,C000814,business,import_export,0,110,84m+,low,0,390700.0,ON,branch
815,C000815,personal,healthcare_worker,0,79,36-83m,low,0,62000.0,QC,mobile
816,C000816,personal,self_employed,0,26,12-35m,medium,0,72200.0,ON,branch
817,C000817,personal,retired,0,97,84m+,medium,0,73000.0,ON,online
818,C000818,personal,salaried_employee,0,38,36-83m,medium,0,127900.0,QC,branch
819,C000819,personal,student,0,36,36-83m,medium,0,131500.0,AB,branch
820,C000820,personal,tradesperson,0,46,36-83m,low,0,79600.0,ON,online
821,C000821,personal,public_sector,0,2,00-11m,medium,0,52300.0,ON,branch
822,C000822,personal,healthcare_worker,0,34,12-35m,low,1,33500.0,BC,branch
823,C000823,personal,healthcare_worker,0,41,36-83m,low,0,34300.0,AB,broker
824,C000824,business,money_services,0,17,12-35m,low,0,326400.0,ON,branch
825,C000825,personal,healthcare_worker,0,199,84m+,low,0,68000.0,ON,mobile
826,C000826,personal,student,0,119,84m+,low,0,42900.0,ON,branch
827,C000827,personal,student,0,19,12-35m,medium,0,56500.0,ON,online
828,C000828,business,money_services,0,116,84m+,low,0,490100.0,QC,mobile
829,C000829,personal,student,0,94,84m+,low,0,45700.0,ON,online
830,C000830,personal,student,0,30,12-35m,medium,0,39400.0,QC,branch
831,C000831,personal,self_employed,0,44,36-83m,medium,0,43400.0,ON,branch
832,C000832,personal,self_employed,0,44,36-83m,low,0,54700.0,ON,online
833,C000833,personal,retired,0,98,84m+,low,0,146400.0,BC,mobile
834,C000834,personal,salaried_employee,0,25,12-35m,low,0,24600.0,ON,online
835,C000835,personal,self_employed,0,96,84m+,low,0,164100.0,MB,broker
836,C000836,personal,student,0,94,84m+,low,0,48500.0,MB,branch
837,C000837,personal,tradesperson,0,154,84m+,high,0,45500.0,AB,branch
838,C000838,personal,salaried_employee,0,29,12-35m,low,0,45000.0,QC,mobile
839,C000839,personal,healthcare_worker,0,53,36-83m,low,0,128900.0,ON,mobile
840,C000840,business,auto_dealer,1,27,12-35m,low,0,192400.0,AB,mobile
841,C000841,personal,self_employed,0,40,36-83m,low,0,24300.0,BC,branch
842,C000842,personal,public_sector,0,32,12-35m,medium,0,40200.0,BC,online
843,C000843,personal,salaried_employee,0,79,36-83m,medium,0,79500.0,BC,online
844,C000844,business,construction,0,80,36-83m,low,0,395500.0,ON,branch
845,C000845,personal,public_sector,0,77,36-83m,low,0,76300.0,BC,branch
846,C000846,personal,tradesperson,0,88,84m+,low,0,127200.0,ON,online
847,C000847,personal,public_sector,0,19,12-35m,low,0,30300.0,ON,online
848,C000848,business,logistics,0,61,36-83m,low,0,138400.0,AB,online
849,C000849,personal,retired,0,136,84m+,medium,0,117500.0,ON,mobile
850,C000850,personal,tradesperson,0,18,12-35m,low,1,25700.0,QC,branch
851,C000851,business,logistics,0,125,84m+,medium,0,255800.0,ON,branch
852,C000852,business,money_services,0,40,36-83m,low,0,229800.0,AB,branch
853,C000853,personal,self_employed,0,70,36-83m,low,0,62800.0,ON,online
854,C000854,personal,salaried_employee,0,63,36-83m,low,0,63200.0,BC,mobile
855,C000855,personal,public_sector,0,11,00-11m,medium,0,59500.0,BC,mobile
856,C000856,personal,retired,0,41,36-83m,low,0,50600.0,BC,mobile
857,C000857,personal,healthcare_worker,0,70,36-83m,medium,0,18000.0,QC,online
858,C000858,personal,salaried_employee,0,75,36-83m,low,0,53500.0,ON,mobile
859,C000859,business,auto_dealer,1,36,36-83m,low,0,434200.0,ON,mobile
860,C000860,personal,public_sector,0,30,12-35m,medium,0,74400.0,QC,branch
861,C000861,business,convenience_retail,1,33,12-35m,low,0,266600.0,QC,mobile
862,C000862,personal,retired,0,104,84m+,low,0,55400.0,AB,branch
863,C000863,personal,self_employed,0,74,36-83m,low,0,74500.0,AB,online
864,C000864,business,salon,1,98,84m+,low,0,3984000.0,QC,branch
865,C000865,business,auto_dealer,1,49,36-83m,medium,0,495100.0,AB,broker
866,C000866,personal,self_employed,0,75,36-83m,low,0,112900.0,ON,mobile
867,C000867,personal,tradesperson,0,70,36-83m,low,0,136300.0,ON,broker
868,C000868,personal,retired,0,45,36-83m,high,0,94500.0,QC,branch
869,C000869,personal,retired,0,97,84m+,low,0,50300.0,ON,broker
870,C000870,business,import_export,0,38,36-83m,low,0,281800.0,AB,branch
871,C000871,personal,retired,0,120,84m+,medium,0,41700.0,AB,online
872,C000872,personal,salaried_employee,0,78,36-83m,medium,0,50800.0,ON,online
873,C000873,personal,public_sector,0,56,36-83m,medium,0,167200.0,ON,online
874,C000874,personal,public_sector,0,9,00-11m,low,0,80400.0,AB,online
875,C000875,personal,self_employed,0,14,12-35m,low,0,57300.0,NS,mobile
876,C000876,personal,salaried_employee,0,7,00-11m,low,0,58200.0,ON,online
877,C000877,personal,public_sector,0,55,36-83m,high,0,39200.0,BC,branch
878,C000878,business,logistics,0,57,36-83m,low,0,306400.0,QC,branch
879,C000879,personal,tradesperson,0,119,84m+,low,0,55700.0,QC,mobile
880,C000880,personal,retired,0,31,12-35m,low,0,31300.0,QC,branch
881,C000881,personal,retired,0,32,12-35m,low,0,92100.0,ON,branch
882,C000882,personal,public_sector,0,130,84m+,low,0,76700.0,AB,online
883,C000883,personal,healthcare_worker,0,60,36-83m,low,0,59800.0,ON,mobile
884,C000884,personal,student,0,44,36-83m,low,0,47800.0,QC,branch
885,C000885,personal,tradesperson,0,128,84m+,high,0,130300.0,BC,mobile
886,C000886,personal,salaried_employee,0,30,12-35m,medium,0,46800.0,QC,mobile
887,C000887,personal,student,0,59,36-83m,low,0,55300.0,BC,online
888,C000888,personal,public_sector,0,74,36-83m,medium,0,64000.0,ON,online
889,C000889,personal,retired,0,24,12-35m,low,0,80200.0,ON,online
890,C000890,personal,healthcare_worker,0,37,36-83m,low,0,102400.0,ON,broker
891,C000891,personal,public_sector,0,21,12-35m,low,0,74000.0,BC,branch
892,C000892,personal,salaried_employee,0,54,36-83m,low,0,97900.0,ON,mobile
893,C000893,personal,public_sector,0,16,12-35m,low,0,158600.0,ON,online
894,C000894,personal,self_employed,0,99,84m+,low,0,29000.0,MB,online
895,C000895,personal,student,0,16,12-35m,low,0,50700.0,ON,online
896,C000896,personal,public_sector,0,18,12-35m,low,0,42700.0,QC,online
897,C000897,personal,student,0,35,12-35m,low,0,92600.0,MB,online
898,C000898,personal,healthcare_worker,0,163,84m+,medium,0,60200.0,ON,branch
899,C000899,business,logistics,0,108,84m+,medium,0,289400.0,ON,branch
900,C000900,business,import_export,0,127,84m+,low,0,872200.0,AB,broker
901,C000901,business,salon,1,29,12-35m,low,0,458700.0,BC,mobile
902,C000902,personal,tradesperson,0,43,36-83m,medium,0,38700.0,ON,broker
903,C000903,personal,public_sector,0,97,84m+,medium,0,27500.0,QC,broker
904,C000904,personal,student,0,74,36-83m,low,0,46200.0,QC,mobile
905,C000905,personal,self_employed,0,58,36-83m,low,0,27400.0,MB,branch
906,C000906,personal,healthcare_worker,0,78,36-83m,low,0,96700.0,QC,branch
907,C000907,business,salon,1,98,84m+,low,0,157000.0,ON,online
908,C000908,personal,retired,0,96,84m+,low,0,36300.0,ON,online
909,C000909,personal,tradesperson,0,89,84m+,low,0,39900.0,ON,branch
910,C000910,personal,tradesperson,0,51,36-83m,medium,0,34300.0,NS,branch
911,C000911,personal,self_employed,0,73,36-83m,low,0,71900.0,BC,branch
912,C000912,personal,salaried_employee,0,10,00-11m,low,0,40500.0,BC,branch
913,C000913,personal,salaried_employee,0,13,12-35m,low,0,92600.0,BC,online
914,C000914,personal,student,0,90,84m+,medium,0,29900.0,ON,online
915,C000915,personal,retired,0,16,12-35m,low,0,24800.0,ON,branch
916,C000916,personal,student,0,37,36-83m,low,0,27100.0,ON,branch
917,C000917,personal,retired,0,13,12-35m,low,0,42800.0,ON,branch
918,C000918,personal,tradesperson,0,100,84m+,medium,0,94600.0,BC,branch
919,C000919,business,salon,1,55,36-83m,low,0,311200.0,ON,broker
920,C000920,personal,public_sector,0,29,12-35m,low,0,62800.0,AB,online
921,C000921,personal,tradesperson,0,119,84m+,low,0,56000.0,MB,mobile
922,C000922,personal,healthcare_worker,0,84,84m+,low,0,22600.0,AB,online
923,C000923,personal,public_sector,0,89,84m+,medium,0,96800.0,AB,branch
924,C000924,personal,public_sector,0,56,36-83m,high,0,60700.0,ON,branch
925,C000925,personal,salaried_employee,0,156,84m+,low,0,58800.0,ON,mobile
926,C000926,personal,retired,0,178,84m+,high,0,79200.0,QC,broker
927,C000927,personal,student,0,49,36-83m,low,0,38200.0,ON,mobile
928,C000928,personal,student,0,15,12-35m,low,0,55600.0,ON,online
929,C000929,personal,healthcare_worker,0,107,84m+,low,0,91800.0,ON,branch
930,C000930,personal,salaried_employee,0,79,36-83m,medium,0,43200.0,ON,branch
931,C000931,business,construction,0,42,36-83m,low,0,282200.0,QC,branch
932,C000932,personal,student,0,191,84m+,medium,0,41900.0,ON,mobile
933,C000933,business,consulting,0,59,36-83m,low,0,377700.0,SK,mobile
934,C000934,personal,student,0,22,12-35m,low,0,86100.0,ON,branch
935,C000935,personal,student,0,108,84m+,low,0,32500.0,QC,online
936,C000936,personal,salaried_employee,0,94,84m+,medium,0,106700.0,ON,mobile
937,C000937,personal,healthcare_worker,0,55,36-83m,low,0,73600.0,ON,online
938,C000938,personal,retired,0,48,36-83m,low,0,31000.0,ON,mobile
939,C000939,business,import_export,0,94,84m+,low,0,227700.0,AB,online
940,C000940,personal,student,0,60,36-83m,low,0,174500.0,QC,broker
941,C000941,personal,salaried_employee,0,48,36-83m,low,0,57800.0,ON,mobile
942,C000942,personal,self_employed,0,101,84m+,low,0,32300.0,ON,online
943,C000943,business,consulting,0,19,12-35m,low,0,58600.0,ON,online
944,C000944,personal,healthcare_worker,0,67,36-83m,low,0,58700.0,ON,online
945,C000945,personal,self_employed,0,38,36-83m,low,0,44400.0,NS,broker
946,C000946,business,restaurant,1,138,84m+,low,0,248300.0,ON,online
947,C000947,personal,retired,0,34,12-35m,medium,0,25000.0,ON,online
948,C000948,personal,tradesperson,0,11,00-11m,low,0,51300.0,ON,branch
949,C000949,business,salon,1,8,00-11m,low,0,334100.0,ON,online
950,C000950,business,consulting,0,26,12-35m,low,0,43300.0,ON,online
951,C000951,personal,salaried_employee,0,18,12-35m,low,0,25300.0,AB,online
952,C000952,business,construction,0,21,12-35m,low,0,201800.0,ON,branch
953,C000953,personal,healthcare_worker,0,81,36-83m,low,0,62900.0,AB,online
954,C000954,personal,salaried_employee,0,12,12-35m,medium,0,75700.0,BC,branch
955,C000955,personal,public_sector,0,52,36-83m,low,0,34900.0,AB,branch
956,C000956,business,logistics,0,42,36-83m,low,0,125600.0,BC,online
957,C000957,personal,self_employed,0,43,36-83m,low,0,44800.0,ON,branch
958,C000958,personal,tradesperson,0,31,12-35m,medium,0,61500.0,BC,online
959,C000959,personal,student,0,6,00-11m,low,0,46600.0,BC,branch
960,C000960,business,restaurant,1,71,36-83m,low,0,57400.0,BC,branch
961,C000961,personal,healthcare_worker,0,36,36-83m,medium,0,111800.0,ON,online
962,C000962,personal,self_employed,0,60,36-83m,low,0,77200.0,ON,mobile
963,C000963,personal,public_sector,0,28,12-35m,low,0,23600.0,QC,branch
964,C000964,personal,healthcare_worker,0,116,84m+,high,0,57500.0,SK,online
965,C000965,personal,healthcare_worker,0,58,36-83m,low,1,42600.0,ON,branch
966,C000966,personal,retired,0,38,36-83m,low,0,134700.0,AB,branch
967,C000967,personal,retired,0,38,36-83m,low,0,84800.0,AB,mobile
968,C000968,personal,student,0,104,84m+,medium,0,50200.0,ON,online
969,C000969,personal,salaried_employee,0,122,84m+,medium,0,24800.0,ON,branch
970,C000970,personal,retired,0,63,36-83m,medium,0,43800.0,ON,branch
971,C000971,business,salon,1,49,36-83m,low,0,1332200.0,BC,branch
972,C000972,personal,retired,0,58,36-83m,medium,0,120200.0,AB,branch
973,C000973,personal,public_sector,0,34,12-35m,low,0,30800.0,MB,branch
974,C000974,business,salon,1,54,36-83m,high,0,748500.0,ON,mobile
975,C000975,personal,tradesperson,0,44,36-83m,high,0,54400.0,AB,branch
976,C000976,personal,healthcare_worker,0,29,12-35m,low,0,26200.0,ON,broker
977,C000977,business,restaurant,1,93,84m+,medium,0,108400.0,ON,mobile
978,C000978,personal,public_sector,0,207,84m+,medium,0,190600.0,ON,mobile
979,C000979,personal,salaried_employee,0,20,12-35m,low,0,59500.0,ON,branch
980,C000980,personal,healthcare_worker,0,100,84m+,medium,0,82700.0,SK,branch
981,C000981,personal,retired,0,35,12-35m,low,0,51200.0,QC,broker
982,C000982,business,salon,1,52,36-83m,low,0,392000.0,ON,branch
983,C000983,personal,public_sector,0,54,36-83m,low,0,417400.0,SK,online
984,C000984,personal,retired,0,121,84m+,medium,0,55300.0,AB,online
985,C000985,personal,self_employed,0,121,84m+,low,0,93500.0,ON,branch
986,C000986,business,logistics,0,61,36-83m,medium,0,480600.0,BC,online
987,C000987,business,import_export,0,79,36-83m,medium,0,226100.0,ON,mobile
988,C000988,personal,salaried_employee,0,37,36-83m,low,0,45600.0,ON,branch
989,C000989,personal,healthcare_worker,0,58,36-83m,low,0,68100.0,AB,online
990,C000990,personal,retired,0,41,36-83m,low,0,110600.0,AB,branch
991,C000991,personal,self_employed,0,18,12-35m,low,0,45400.0,QC,branch
992,C000992,personal,self_employed,0,17,12-35m,low,0,114400.0,ON,branch
993,C000993,personal,healthcare_worker,0,13,12-35m,medium,0,42900.0,QC,mobile
994,C000994,personal,healthcare_worker,0,37,36-83m,low,0,34200.0,AB,branch
995,C000995,business,convenience_retail,1,53,36-83m,medium,0,608700.0,ON,mobile
996,C000996,business,convenience_retail,1,57,36-83m,low,0,845800.0,BC,online
997,C000997,personal,salaried_employee,0,37,36-83m,medium,0,67900.0,QC,online
998,C000998,personal,salaried_employee,0,13,12-35m,low,0,29700.0,SK,branch
999,C000999,personal,retired,0,36,36-83m,low,0,38700.0,NS,branch
1000,C001000,business,logistics,0,33,12-35m,low,0,775200.0,ON,broker
1001,C001001,personal,public_sector,0,125,84m+,low,0,37500.0,ON,branch
1002,C001002,personal,self_employed,0,79,36-83m,low,0,54500.0,NS,mobile
1003,C001003,business,construction,0,64,36-83m,low,0,323700.0,ON,online
1004,C001004,personal,healthcare_worker,0,72,36-83m,low,0,85800.0,QC,branch
1005,C001005,personal,healthcare_worker,0,24,12-35m,low,0,30900.0,BC,broker
1006,C001006,personal,retired,0,34,12-35m,low,0,127000.0,ON,online
1007,C001007,personal,self_employed,0,23,12-35m,low,0,54200.0,BC,mobile
1008,C001008,business,salon,1,22,12-35m,low,0,926400.0,ON,branch
1009,C001009,personal,self_employed,0,126,84m+,low,0,21200.0,ON,broker
1010,C001010,personal,tradesperson,0,59,36-83m,low,0,40500.0,QC,online
1011,C001011,business,auto_dealer,1,46,36-83m,low,0,1372900.0,ON,branch
1012,C001012,business,convenience_retail,1,100,84m+,high,0,210700.0,ON,broker
1013,C001013,business,consulting,0,46,36-83m,low,0,403300.0,MB,branch
1014,C001014,personal,student,0,153,84m+,low,0,48600.0,ON,branch
1015,C001015,business,auto_dealer,1,128,84m+,low,0,780600.0,ON,mobile
1016,C001016,business,convenience_retail,1,18,12-35m,low,0,837700.0,QC,mobile
1017,C001017,personal,retired,0,114,84m+,low,0,31700.0,AB,broker
1018,C001018,personal,self_employed,0,151,84m+,low,0,58300.0,AB,branch
1019,C001019,personal,student,0,54,36-83m,low,0,55000.0,ON,online
1020,C001020,personal,healthcare_worker,0,90,84m+,high,0,101500.0,ON,branch
1021,C001021,personal,tradesperson,0,30,12-35m,low,0,21900.0,ON,branch
1022,C001022,personal,public_sector,0,31,12-35m,low,0,46200.0,BC,branch
1023,C001023,personal,public_sector,0,45,36-83m,low,0,45500.0,SK,branch
1024,C001024,personal,retired,0,71,36-83m,medium,0,121000.0,BC,branch
1025,C001025,personal,tradesperson,0,29,12-35m,low,0,109700.0,ON,online
1026,C001026,personal,retired,0,97,84m+,low,0,37600.0,ON,online
1027,C001027,business,money_services,0,34,12-35m,low,0,224700.0,QC,branch
1028,C001028,business,money_services,0,20,12-35m,low,0,75700.0,QC,branch
1029,C001029,personal,healthcare_worker,0,76,36-83m,medium,0,114900.0,BC,branch
1030,C001030,personal,salaried_employee,0,87,84m+,low,0,24000.0,SK,online
1031,C001031,business,restaurant,1,28,12-35m,medium,1,206100.0,ON,broker
1032,C001032,business,restaurant,1,40,36-83m,low,0,618200.0,QC,branch
1033,C001033,business,consulting,0,21,12-35m,low,0,227200.0,ON,branch
1034,C001034,personal,student,0,30,12-35m,low,0,60800.0,BC,online
1035,C001035,personal,retired,0,32,12-35m,medium,0,181800.0,BC,branch
1036,C001036,business,restaurant,1,91,84m+,low,0,148200.0,SK,branch
1037,C001037,personal,retired,0,96,84m+,low,0,55300.0,BC,online
1038,C001038,personal,public_sector,0,43,36-83m,medium,0,99000.0,QC,branch
1039,C001039,personal,retired,0,10,00-11m,low,0,75500.0,ON,branch
1040,C001040,personal,tradesperson,0,33,12-35m,low,0,34700.0,MB,mobile
1041,C001041,personal,salaried_employee,0,32,12-35m,low,0,93600.0,QC,branch
1042,C001042,personal,salaried_employee,0,28,12-35m,medium,0,110400.0,QC,online
1043,C001043,personal,healthcare_worker,0,102,84m+,medium,1,88600.0,QC,mobile
1044,C001044,personal,public_sector,0,35,12-35m,medium,0,66100.0,QC,branch
1045,C001045,personal,retired,0,18,12-35m,high,0,41300.0,QC,online
1046,C001046,personal,student,0,54,36-83m,low,0,137500.0,BC,mobile
1047,C001047,personal,public_sector,0,116,84m+,low,0,44600.0,ON,branch
1048,C001048,personal,salaried_employee,0,27,12-35m,medium,0,91000.0,ON,broker
1049,C001049,business,consulting,0,71,36-83m,medium,1,191800.0,AB,branch
1050,C001050,personal,student,0,141,84m+,low,0,63900.0,QC,mobile
1051,C001051,personal,healthcare_worker,0,32,12-35m,low,0,50900.0,BC,branch
1052,C001052,personal,retired,0,82,36-83m,medium,0,35100.0,QC,broker
1053,C001053,personal,salaried_employee,0,152,84m+,medium,0,111600.0,ON,branch
1054,C001054,personal,retired,0,25,12-35m,medium,0,48100.0,QC,branch
1055,C001055,personal,salaried_employee,0,53,36-83m,low,0,86000.0,MB,branch
1056,C001056,personal,retired,0,74,36-83m,low,0,36700.0,BC,branch
1057,C001057,personal,self_employed,0,52,36-83m,low,0,50900.0,BC,mobile
1058,C001058,personal,student,0,68,36-83m,low,0,66500.0,ON,branch
1059,C001059,personal,retired,0,109,84m+,medium,0,138100.0,NS,mobile
1060,C001060,personal,self_employed,0,44,36-83m,high,0,69100.0,ON,online
1061,C001061,personal,public_sector,0,28,12-35m,medium,0,148900.0,ON,branch
1062,C001062,business,construction,0,36,36-83m,medium,0,82800.0,BC,branch
1063,C001063,personal,retired,0,60,36-83m,low,0,47800.0,QC,branch
1064,C001064,personal,student,0,38,36-83m,medium,0,73400.0,ON,branch
1065,C001065,business,logistics,0,178,84m+,low,0,954800.0,QC,mobile
1066,C001066,personal,self_employed,0,83,36-83m,low,0,23700.0,ON,mobile
1067,C001067,personal,salaried_employee,0,58,36-83m,medium,0,42000.0,QC,online
1068,C001068,business,import_export,0,42,36-83m,high,0,165000.0,MB,branch
1069,C001069,personal,self_employed,0,67,36-83m,low,0,121600.0,ON,broker
1070,C001070,personal,retired,0,12,12-35m,low,0,49700.0,BC,mobile
1071,C001071,personal,retired,0,29,12-35m,low,1,78900.0,QC,online
1072,C001072,personal,retired,0,76,36-83m,low,0,82000.0,ON,branch
1073,C001073,personal,tradesperson,0,118,84m+,low,0,58700.0,QC,online
1074,C001074,personal,salaried_employee,0,105,84m+,low,0,196200.0,BC,broker
1075,C001075,personal,tradesperson,0,60,36-83m,medium,0,29500.0,ON,branch
1076,C001076,personal,retired,0,77,36-83m,low,0,70000.0,ON,mobile
1077,C001077,personal,self_employed,0,98,84m+,medium,0,50700.0,ON,broker
1078,C001078,personal,student,0,5,00-11m,low,0,108800.0,BC,branch
1079,C001079,personal,salaried_employee,0,32,12-35m,medium,0,38700.0,BC,online
1080,C001080,personal,salaried_employee,0,13,12-35m,low,0,95000.0,MB,online
1081,C001081,personal,student,0,89,84m+,low,0,84500.0,AB,branch
1082,C001082,business,money_services,0,55,36-83m,low,0,287700.0,QC,branch
1083,C001083,personal,salaried_employee,0,68,36-83m,low,0,31300.0,MB,online
1084,C001084,personal,student,0,23,12-35m,low,0,62000.0,ON,broker
1085,C001085,business,money_services,0,58,36-83m,low,0,140500.0,ON,branch
1086,C001086,personal,healthcare_worker,0,30,12-35m,low,0,91000.0,AB,mobile
1087,C001087,personal,retired,0,108,84m+,low,0,15400.0,AB,branch
1088,C001088,personal,retired,0,45,36-83m,low,0,48200.0,AB,mobile
1089,C001089,personal,retired,0,9,00-11m,low,0,47300.0,ON,mobile
1090,C001090,personal,tradesperson,0,44,36-83m,low,0,93700.0,ON,online
1091,C001091,personal,retired,0,61,36-83m,low,0,142100.0,ON,mobile
1092,C001092,personal,retired,0,34,12-35m,low,0,52100.0,QC,branch
1093,C001093,personal,public_sector,0,76,36-83m,low,0,39400.0,ON,mobile
1094,C001094,business,convenience_retail,1,22,12-35m,medium,0,587800.0,SK,mobile
1095,C001095,personal,tradesperson,0,25,12-35m,high,0,17700.0,BC,mobile
1096,C001096,personal,tradesperson,0,118,84m+,low,0,46600.0,MB,online
1097,C001097,business,restaurant,1,36,36-83m,high,0,219000.0,ON,branch
1098,C001098,personal,self_employed,0,40,36-83m,low,0,65400.0,BC,mobile
1099,C001099,personal,self_employed,0,18,12-35m,medium,0,115600.0,NS,branch
1100,C001100,personal,retired,0,47,36-83m,low,0,130700.0,QC,mobile
1101,C001101,personal,healthcare_worker,0,26,12-35m,medium,0,96200.0,BC,branch
1102,C001102,personal,student,0,85,84m+,low,0,114500.0,QC,branch
1103,C001103,business,logistics,0,148,84m+,low,0,596300.0,QC,online
1104,C001104,business,convenience_retail,1,125,84m+,medium,0,115400.0,ON,branch
1105,C001105,personal,tradesperson,0,91,84m+,low,0,178300.0,SK,online
1106,C001106,personal,retired,0,63,36-83m,low,0,52800.0,BC,mobile
1107,C001107,personal,public_sector,0,113,84m+,low,0,176100.0,AB,mobile
1108,C001108,personal,public_sector,0,33,12-35m,low,0,77100.0,NS,mobile
1109,C001109,personal,retired,0,111,84m+,low,0,44800.0,ON,branch
1110,C001110,personal,student,0,49,36-83m,low,0,25900.0,QC,mobile
1111,C001111,personal,tradesperson,0,47,36-83m,low,0,76300.0,ON,branch
1112,C001112,personal,public_sector,0,61,36-83m,low,0,52500.0,AB,online
1113,C001113,personal,public_sector,0,32,12-35m,medium,0,44400.0,BC,online
1114,C001114,personal,healthcare_worker,0,18,12-35m,low,0,25200.0,QC,online
1115,C001115,personal,retired,0,37,36-83m,medium,0,36000.0,ON,online
1116,C001116,personal,retired,0,52,36-83m,high,0,52300.0,QC,mobile
1117,C001117,personal,public_sector,0,9,00-11m,low,0,217200.0,BC,mobile
1118,C001118,business,convenience_retail,1,37,36-83m,low,0,495300.0,ON,online
1119,C001119,personal,salaried_employee,0,31,12-35m,low,0,24000.0,BC,online
1120,C001120,personal,self_employed,0,28,12-35m,low,0,44100.0,ON,branch
1121,C001121,personal,public_sector,0,38,36-83m,low,0,133400.0,AB,branch
1122,C001122,personal,self_employed,0,76,36-83m,low,0,54100.0,NS,mobile
1123,C001123,personal,tradesperson,0,76,36-83m,low,0,32800.0,ON,online
1124,C001124,personal,public_sector,0,25,12-35m,low,0,226600.0,QC,online
1125,C001125,personal,salaried_employee,0,81,36-83m,low,0,53100.0,ON,mobile
1126,C001126,personal,salaried_employee,0,90,84m+,low,0,92300.0,ON,branch
1127,C001127,business,convenience_retail,1,21,12-35m,low,0,1171900.0,AB,online
1128,C001128,personal,healthcare_worker,0,133,84m+,low,0,207900.0,ON,online
1129,C001129,personal,self_employed,0,46,36-83m,low,0,57400.0,ON,branch
1130,C001130,business,logistics,0,24,12-35m,low,0,839500.0,NS,mobile
1131,C001131,personal,retired,0,46,36-83m,low,0,31200.0,QC,mobile
1132,C001132,business,money_services,0,70,36-83m,low,0,92900.0,ON,online
1133,C001133,personal,salaried_employee,0,5,00-11m,low,0,132500.0,ON,branch
1134,C001134,personal,tradesperson,0,23,12-35m,medium,0,102900.0,BC,online
1135,C001135,business,auto_dealer,1,71,36-83m,medium,0,130800.0,AB,mobile
1136,C001136,business,import_export,0,27,12-35m,low,0,164900.0,QC,online
1137,C001137,personal,public_sector,0,31,12-35m,low,0,32900.0,ON,online
1138,C001138,personal,salaried_employee,0,130,84m+,low,0,45500.0,ON,mobile
1139,C001139,personal,public_sector,0,34,12-35m,low,0,148600.0,ON,branch
1140,C001140,personal,retired,0,130,84m+,low,0,60100.0,BC,online
1141,C001141,personal,student,0,27,12-35m,low,0,115100.0,BC,branch
1142,C001142,business,convenience_retail,1,40,36-83m,low,0,600300.0,ON,branch
1143,C001143,personal,self_employed,0,62,36-83m,low,0,46000.0,QC,online
1144,C001144,personal,retired,0,99,84m+,low,0,24400.0,AB,online
1145,C001145,business,construction,0,48,36-83m,low,0,92900.0,MB,mobile
1146,C001146,business,salon,1,102,84m+,low,0,307100.0,QC,online
1147,C001147,business,consulting,0,44,36-83m,medium,0,267200.0,QC,online
1148,C001148,business,construction,0,101,84m+,low,0,160800.0,ON,online
1149,C001149,personal,retired,0,44,36-83m,low,0,53300.0,NS,branch
1150,C001150,personal,student,0,39,36-83m,low,0,127200.0,AB,branch
1151,C001151,personal,tradesperson,0,54,36-83m,low,0,101900.0,ON,branch
1152,C001152,personal,salaried_employee,0,188,84m+,low,0,67200.0,QC,mobile
1153,C001153,business,auto_dealer,1,66,36-83m,low,0,442900.0,ON,online
1154,C001154,personal,public_sector,0,56,36-83m,medium,0,63600.0,ON,online
1155,C001155,personal,public_sector,0,17,12-35m,low,0,18800.0,QC,mobile
1156,C001156,personal,tradesperson,0,33,12-35m,low,0,51700.0,ON,mobile
1157,C001157,personal,retired,0,80,36-83m,low,0,40300.0,AB,mobile
1158,C001158,personal,retired,0,64,36-83m,low,0,96900.0,BC,branch
1159,C001159,personal,public_sector,0,55,36-83m,low,0,35700.0,AB,branch
1160,C001160,personal,salaried_employee,0,86,84m+,low,0,23600.0,ON,mobile
1161,C001161,personal,student,0,9,00-11m,low,0,69300.0,AB,branch
1162,C001162,personal,salaried_employee,0,60,36-83m,low,0,59400.0,QC,mobile
1163,C001163,personal,public_sector,0,24,12-35m,low,0,48600.0,AB,mobile
1164,C001164,personal,tradesperson,0,10,00-11m,medium,0,79900.0,QC,branch
1165,C001165,personal,retired,0,115,84m+,low,0,47100.0,MB,branch
1166,C001166,personal,self_employed,0,98,84m+,low,0,61500.0,BC,mobile
1167,C001167,personal,student,0,25,12-35m,low,0,48800.0,ON,branch
1168,C001168,personal,tradesperson,0,181,84m+,high,0,22700.0,ON,branch
1169,C001169,personal,healthcare_worker,0,37,36-83m,low,0,44100.0,ON,branch
1170,C001170,personal,salaried_employee,0,24,12-35m,high,0,61000.0,QC,online
1171,C001171,business,logistics,0,91,84m+,low,0,318000.0,BC,mobile
1172,C001172,personal,salaried_employee,0,69,36-83m,low,0,33900.0,ON,online
1173,C001173,personal,retired,0,48,36-83m,low,0,45400.0,BC,mobile
1174,C001174,personal,salaried_employee,0,78,36-83m,medium,0,20300.0,QC,branch
1175,C001175,personal,healthcare_worker,0,60,36-83m,medium,0,97100.0,MB,branch
1176,C001176,personal,tradesperson,0,33,12-35m,low,0,99900.0,AB,online
1177,C001177,personal,healthcare_worker,0,66,36-83m,medium,0,46500.0,ON,mobile
1178,C001178,personal,public_sector,0,118,84m+,low,0,34500.0,QC,branch
1179,C001179,business,construction,0,66,36-83m,low,0,69200.0,AB,mobile
1180,C001180,business,import_export,0,81,36-83m,low,0,912700.0,ON,mobile
1181,C001181,personal,public_sector,0,43,36-83m,low,0,22300.0,ON,mobile
1182,C001182,personal,self_employed,0,102,84m+,low,0,40900.0,AB,mobile
1183,C001183,personal,healthcare_worker,0,43,36-83m,low,0,53900.0,ON,online
1184,C001184,business,construction,0,10,00-11m,medium,0,128700.0,AB,mobile
1185,C001185,business,logistics,0,150,84m+,low,0,112800.0,BC,branch
1186,C001186,personal,student,0,108,84m+,medium,0,69300.0,QC,branch
1187,C001187,personal,public_sector,0,62,36-83m,high,0,81100.0,NS,branch
1188,C001188,business,convenience_retail,1,90,84m+,medium,0,166300.0,QC,mobile
1189,C001189,business,construction,0,18,12-35m,high,0,75600.0,ON,mobile
1190,C001190,business,restaurant,1,37,36-83m,low,0,2036500.0,AB,online
1191,C001191,personal,student,0,21,12-35m,low,0,87300.0,ON,broker
1192,C001192,business,convenience_retail,1,37,36-83m,low,0,297700.0,SK,online
1193,C001193,personal,retired,0,53,36-83m,low,0,110500.0,QC,branch
1194,C001194,business,import_export,0,90,84m+,low,0,82400.0,BC,branch
1195,C001195,personal,retired,0,12,12-35m,low,0,51400.0,ON,mobile
1196,C001196,personal,public_sector,0,92,84m+,low,0,52200.0,MB,branch
1197,C001197,personal,public_sector,0,63,36-83m,low,0,34300.0,NS,branch
1198,C001198,personal,self_employed,0,96,84m+,low,0,25700.0,QC,branch
1199,C001199,personal,tradesperson,0,119,84m+,low,0,83200.0,ON,branch
1200,C001200,personal,salaried_employee,0,25,12-35m,low,0,68900.0,ON,mobile
1201,C001201,personal,healthcare_worker,0,14,12-35m,low,0,35800.0,BC,mobile
1202,C001202,personal,retired,0,27,12-35m,low,0,52100.0,AB,branch
1203,C001203,personal,public_sector,0,29,12-35m,medium,0,45100.0,ON,mobile
1204,C001204,personal,retired,0,60,36-83m,low,0,58100.0,BC,online
1205,C001205,personal,tradesperson,0,37,36-83m,low,0,42700.0,ON,branch
1206,C001206,business,restaurant,1,71,36-83m,medium,0,197500.0,ON,mobile
1207,C001207,personal,salaried_employee,0,25,12-35m,low,0,35400.0,QC,branch
1208,C001208,personal,public_sector,0,88,84m+,low,0,69500.0,ON,branch
1209,C001209,personal,student,0,31,12-35m,low,0,51300.0,QC,online
1210,C001210,personal,student,0,65,36-83m,low,0,32200.0,ON,branch
1211,C001211,personal,public_sector,0,35,12-35m,low,0,71700.0,AB,mobile
1212,C001212,personal,salaried_employee,0,37,36-83m,low,0,50800.0,AB,online
1213,C001213,personal,retired,0,84,84m+,low,0,102000.0,ON,branch
1214,C001214,personal,student,0,24,12-35m,low,0,64000.0,ON,online
1215,C001215,personal,self_employed,0,53,36-83m,medium,0,119400.0,BC,branch
1216,C001216,personal,student,0,127,84m+,medium,0,86700.0,ON,branch
1217,C001217,personal,public_sector,0,6,00-11m,low,0,114100.0,QC,branch
1218,C001218,business,import_export,0,56,36-83m,low,0,917400.0,ON,broker
1219,C001219,business,construction,0,39,36-83m,low,0,733800.0,ON,branch
1220,C001220,personal,student,0,63,36-83m,low,0,21400.0,ON,branch
1221,C001221,personal,salaried_employee,0,18,12-35m,medium,0,96000.0,ON,branch
1222,C001222,business,restaurant,1,72,36-83m,medium,0,197400.0,BC,online
1223,C001223,personal,healthcare_worker,0,67,36-83m,medium,0,52800.0,BC,branch
1224,C001224,personal,salaried_employee,0,53,36-83m,low,0,39100.0,ON,mobile
1225,C001225,personal,student,0,29,12-35m,medium,0,76200.0,ON,broker
1226,C001226,personal,student,0,19,12-35m,low,0,30000.0,MB,online
1227,C001227,personal,public_sector,0,20,12-35m,medium,0,153800.0,ON,mobile
1228,C001228,personal,student,0,93,84m+,low,0,41300.0,ON,broker
1229,C001229,personal,self_employed,0,50,36-83m,low,0,55500.0,ON,branch
1230,C001230,personal,public_sector,0,20,12-35m,low,0,51200.0,ON,branch
1231,C001231,personal,public_sector,0,21,12-35m,high,0,59500.0,MB,branch
1232,C001232,personal,student,0,48,36-83m,low,0,133600.0,BC,online
1233,C001233,personal,student,0,33,12-35m,low,0,120200.0,ON,branch
1234,C001234,personal,self_employed,0,59,36-83m,low,0,76000.0,ON,online
1235,C001235,personal,self_employed,0,54,36-83m,low,0,49800.0,ON,mobile
1236,C001236,personal,salaried_employee,0,30,12-35m,medium,0,34200.0,QC,online
1237,C001237,personal,student,0,81,36-83m,low,0,37700.0,QC,branch
1238,C001238,personal,self_employed,0,64,36-83m,medium,0,186600.0,QC,branch
1239,C001239,business,import_export,0,31,12-35m,low,0,160600.0,ON,branch
1240,C001240,business,construction,0,72,36-83m,low,0,654100.0,BC,online
1241,C001241,business,import_export,0,20,12-35m,low,0,403900.0,MB,broker
1242,C001242,personal,salaried_employee,0,84,84m+,low,1,36500.0,BC,branch
1243,C001243,personal,public_sector,0,67,36-83m,low,0,157000.0,QC,mobile
1244,C001244,personal,salaried_employee,0,43,36-83m,low,0,56700.0,ON,branch
1245,C001245,business,construction,0,199,84m+,low,0,326000.0,BC,branch
1246,C001246,personal,retired,0,47,36-83m,medium,0,92700.0,AB,online
1247,C001247,business,logistics,0,57,36-83m,low,0,873100.0,AB,branch
1248,C001248,personal,public_sector,0,9,00-11m,low,0,119700.0,BC,mobile
1249,C001249,personal,self_employed,0,25,12-35m,low,0,94700.0,ON,mobile
1250,C001250,personal,tradesperson,0,65,36-83m,medium,0,28500.0,ON,branch
1251,C001251,personal,salaried_employee,0,133,84m+,low,0,61100.0,ON,online
1252,C001252,personal,student,0,82,36-83m,low,0,47100.0,NS,online
1253,C001253,personal,retired,0,105,84m+,medium,0,100100.0,BC,mobile
1254,C001254,personal,public_sector,0,38,36-83m,medium,0,75900.0,ON,online
1255,C001255,personal,tradesperson,0,28,12-35m,low,0,155600.0,ON,branch
1256,C001256,personal,student,0,102,84m+,low,0,74600.0,BC,mobile
1257,C001257,personal,student,0,31,12-35m,low,0,72900.0,ON,mobile
1258,C001258,personal,retired,0,53,36-83m,medium,0,28500.0,ON,online
1259,C001259,personal,healthcare_worker,0,105,84m+,low,0,101100.0,ON,mobile
1260,C001260,personal,public_sector,0,83,36-83m,medium,0,52800.0,AB,mobile
1261,C001261,personal,retired,0,31,12-35m,medium,0,61800.0,ON,online
1262,C001262,personal,retired,0,102,84m+,low,0,59800.0,ON,online
1263,C001263,personal,public_sector,0,30,12-35m,medium,0,48100.0,QC,branch
1264,C001264,personal,tradesperson,0,18,12-35m,low,0,34000.0,AB,branch
1265,C001265,business,logistics,0,120,84m+,medium,0,258400.0,ON,mobile
1266,C001266,personal,retired,0,14,12-35m,low,0,69000.0,AB,online
1267,C001267,personal,salaried_employee,0,124,84m+,medium,0,60900.0,ON,branch
1268,C001268,business,logistics,0,68,36-83m,medium,0,495600.0,ON,broker
1269,C001269,personal,student,0,80,36-83m,low,0,39800.0,ON,mobile
1270,C001270,personal,healthcare_worker,0,58,36-83m,high,0,130800.0,QC,mobile
1271,C001271,personal,public_sector,0,24,12-35m,high,0,93600.0,ON,branch
1272,C001272,personal,public_sector,0,54,36-83m,low,0,39800.0,QC,online
1273,C001273,business,logistics,0,21,12-35m,medium,0,1207400.0,QC,broker
1274,C001274,personal,healthcare_worker,0,31,12-35m,low,0,58500.0,ON,branch
1275,C001275,business,auto_dealer,1,75,36-83m,low,0,441900.0,MB,online
1276,C001276,personal,tradesperson,0,103,84m+,low,0,65400.0,AB,online
1277,C001277,personal,salaried_employee,0,41,36-83m,low,0,71100.0,BC,mobile
1278,C001278,personal,salaried_employee,0,29,12-35m,low,0,81100.0,ON,branch
1279,C001279,personal,salaried_employee,0,31,12-35m,low,0,36900.0,ON,branch
1280,C001280,personal,retired,0,30,12-35m,low,0,64100.0,ON,online
1281,C001281,personal,public_sector,0,92,84m+,medium,0,108500.0,QC,online
1282,C001282,personal,student,0,28,12-35m,medium,0,73600.0,MB,online
1283,C001283,personal,retired,0,22,12-35m,low,0,89600.0,BC,broker
1284,C001284,business,money_services,0,123,84m+,high,0,65000.0,ON,branch
1285,C001285,business,convenience_retail,1,97,84m+,low,0,596500.0,AB,branch
1286,C001286,personal,salaried_employee,0,31,12-35m,low,0,45200.0,ON,online
1287,C001287,personal,public_sector,0,96,84m+,medium,0,172000.0,ON,mobile
1288,C001288,business,money_services,0,112,84m+,low,0,528700.0,ON,mobile
1289,C001289,personal,tradesperson,0,119,84m+,medium,0,59200.0,ON,online
1290,C001290,personal,student,0,30,12-35m,low,0,37700.0,BC,mobile
1291,C001291,personal,student,0,21,12-35m,low,0,99400.0,ON,branch
1292,C001292,personal,tradesperson,0,94,84m+,low,0,22500.0,QC,branch
1293,C001293,business,logistics,0,74,36-83m,low,0,135900.0,BC,branch
1294,C001294,business,money_services,0,80,36-83m,low,0,264400.0,ON,branch
1295,C001295,personal,student,0,133,84m+,medium,0,59900.0,ON,branch
1296,C001296,personal,tradesperson,0,139,84m+,low,0,62000.0,ON,branch
1297,C001297,business,logistics,0,144,84m+,low,0,1358100.0,BC,online
1298,C001298,personal,public_sector,0,16,12-35m,medium,0,22100.0,QC,branch
1299,C001299,personal,self_employed,0,106,84m+,low,0,50000.0,ON,online
1300,C001300,personal,retired,0,45,36-83m,medium,0,54300.0,QC,branch
1301,C001301,personal,tradesperson,0,42,36-83m,high,0,121000.0,BC,branch
1302,C001302,personal,tradesperson,0,20,12-35m,low,0,145300.0,ON,branch
1303,C001303,business,consulting,0,3,00-11m,low,0,510400.0,ON,online
1304,C001304,personal,healthcare_worker,0,131,84m+,low,0,58200.0,AB,branch
1305,C001305,personal,self_employed,0,14,12-35m,low,0,32900.0,ON,branch
1306,C001306,business,restaurant,1,98,84m+,low,0,177000.0,AB,branch
1307,C001307,business,construction,0,105,84m+,low,0,164100.0,ON,mobile
1308,C001308,personal,retired,0,113,84m+,low,0,37000.0,ON,mobile
1309,C001309,personal,student,0,104,84m+,low,0,41400.0,BC,branch
1310,C001310,personal,student,0,56,36-83m,medium,0,73400.0,NS,mobile
1311,C001311,personal,retired,0,20,12-35m,low,0,32400.0,QC,online
1312,C001312,personal,salaried_employee,0,13,12-35m,low,0,50100.0,QC,branch
1313,C001313,business,construction,0,49,36-83m,low,0,252400.0,BC,mobile
1314,C001314,personal,salaried_employee,0,35,12-35m,low,0,73500.0,ON,branch
1315,C001315,personal,student,0,40,36-83m,low,0,69000.0,QC,online
1316,C001316,personal,self_employed,0,223,84m+,low,0,49800.0,QC,mobile
1317,C001317,personal,tradesperson,0,42,36-83m,low,0,131600.0,AB,branch
1318,C001318,personal,self_employed,0,49,36-83m,low,0,52700.0,BC,broker
1319,C001319,personal,salaried_employee,0,88,84m+,low,0,55500.0,SK,branch
1320,C001320,personal,public_sector,0,56,36-83m,low,0,88700.0,QC,branch
1321,C001321,business,construction,0,85,84m+,low,0,488600.0,ON,branch
1322,C001322,personal,healthcare_worker,0,15,12-35m,low,0,122500.0,NS,branch
1323,C001323,business,money_services,0,27,12-35m,low,0,410700.0,ON,mobile
1324,C001324,personal,retired,0,74,36-83m,medium,0,209100.0,QC,branch
1325,C001325,personal,salaried_employee,0,51,36-83m,medium,0,53200.0,BC,mobile
1326,C001326,personal,healthcare_worker,0,96,84m+,low,1,49300.0,BC,online
1327,C001327,personal,self_employed,0,86,84m+,low,0,60700.0,AB,branch
1328,C001328,personal,retired,0,11,00-11m,medium,0,87700.0,ON,branch
1329,C001329,personal,student,0,8,00-11m,medium,0,39900.0,ON,branch
1330,C001330,business,convenience_retail,1,18,12-35m,low,0,394800.0,BC,online
1331,C001331,business,money_services,0,103,84m+,low,0,93200.0,QC,branch
1332,C001332,business,construction,0,3,00-11m,low,0,744500.0,AB,mobile
1333,C001333,personal,salaried_employee,0,65,36-83m,high,0,114000.0,AB,branch
1334,C001334,business,money_services,0,31,12-35m,medium,0,564700.0,AB,branch
1335,C001335,personal,public_sector,0,63,36-83m,high,0,57200.0,MB,online
1336,C001336,personal,self_employed,0,167,84m+,low,0,54000.0,BC,branch
1337,C001337,business,auto_dealer,1,61,36-83m,low,0,1266900.0,MB,branch
1338,C001338,personal,public_sector,0,27,12-35m,low,0,56900.0,AB,online
1339,C001339,personal,student,0,40,36-83m,low,0,66600.0,QC,mobile
1340,C001340,personal,retired,0,44,36-83m,medium,0,83200.0,ON,branch
1341,C001341,personal,self_employed,0,49,36-83m,low,0,64400.0,QC,online
1342,C001342,personal,student,0,60,36-83m,low,0,37800.0,QC,online
1343,C001343,business,convenience_retail,1,63,36-83m,low,0,453300.0,AB,branch
1344,C001344,personal,student,0,14,12-35m,medium,0,76100.0,ON,branch
1345,C001345,personal,tradesperson,0,94,84m+,low,0,41200.0,SK,branch
1346,C001346,personal,salaried_employee,0,24,12-35m,low,1,15600.0,ON,online
1347,C001347,personal,tradesperson,0,40,36-83m,low,0,28200.0,ON,branch
1348,C001348,personal,self_employed,0,61,36-83m,low,0,140000.0,QC,branch
1349,C001349,personal,public_sector,0,79,36-83m,low,0,107700.0,ON,mobile
1350,C001350,personal,salaried_employee,0,33,12-35m,low,0,47100.0,ON,mobile
1351,C001351,personal,self_employed,0,83,36-83m,medium,1,37400.0,QC,online
1352,C001352,business,logistics,0,19,12-35m,low,0,86500.0,ON,branch
1353,C001353,personal,public_sector,0,42,36-83m,low,0,151500.0,QC,branch
1354,C001354,personal,student,0,89,84m+,low,0,39400.0,QC,online
1355,C001355,business,import_export,0,68,36-83m,low,0,1140500.0,ON,mobile
1356,C001356,business,construction,0,22,12-35m,low,0,834300.0,QC,branch
1357,C001357,personal,self_employed,0,70,36-83m,low,0,73800.0,ON,mobile
1358,C001358,business,money_services,0,27,12-35m,low,0,185200.0,QC,online
1359,C001359,personal,student,0,98,84m+,high,0,84200.0,QC,branch
1360,C001360,personal,self_employed,0,12,12-35m,low,0,109100.0,BC,mobile
1361,C001361,personal,public_sector,0,79,36-83m,medium,0,39300.0,BC,online
1362,C001362,personal,student,0,29,12-35m,medium,0,90700.0,ON,branch
1363,C001363,business,restaurant,1,96,84m+,medium,0,1435900.0,ON,branch
1364,C001364,personal,salaried_employee,0,74,36-83m,medium,0,44100.0,QC,mobile
1365,C001365,personal,tradesperson,0,15,12-35m,medium,0,84500.0,QC,online
1366,C001366,personal,salaried_employee,0,8,00-11m,low,0,56900.0,ON,branch
1367,C001367,personal,self_employed,0,104,84m+,low,0,86100.0,ON,mobile
1368,C001368,personal,student,0,88,84m+,high,0,56600.0,QC,online
1369,C001369,personal,retired,0,63,36-83m,medium,0,47200.0,ON,online
1370,C001370,personal,salaried_employee,0,29,12-35m,low,0,39900.0,ON,online
1371,C001371,personal,retired,0,108,84m+,low,1,44000.0,AB,branch
1372,C001372,business,restaurant,1,105,84m+,low,0,145000.0,ON,online
1373,C001373,personal,public_sector,0,143,84m+,medium,1,29200.0,BC,branch
1374,C001374,business,auto_dealer,1,40,36-83m,high,0,267600.0,ON,online
1375,C001375,business,money_services,0,45,36-83m,low,0,668300.0,AB,online
1376,C001376,personal,healthcare_worker,0,46,36-83m,low,0,39400.0,SK,online
1377,C001377,personal,salaried_employee,0,42,36-83m,medium,0,62800.0,BC,broker
1378,C001378,personal,salaried_employee,0,18,12-35m,high,0,118000.0,AB,mobile
1379,C001379,personal,public_sector,0,42,36-83m,low,0,31800.0,ON,online
1380,C001380,personal,public_sector,0,61,36-83m,medium,0,58800.0,QC,mobile
1381,C001381,personal,salaried_employee,0,40,36-83m,medium,0,46500.0,ON,branch
1382,C001382,personal,healthcare_worker,0,76,36-83m,medium,0,52200.0,ON,branch
1383,C001383,business,salon,1,10,00-11m,medium,0,738600.0,ON,branch
1384,C001384,personal,self_employed,0,106,84m+,low,0,45300.0,ON,branch
1385,C001385,personal,student,0,16,12-35m,medium,0,46500.0,QC,online
1386,C001386,personal,healthcare_worker,0,89,84m+,low,0,26300.0,QC,online
1387,C001387,personal,salaried_employee,0,41,36-83m,low,0,55300.0,QC,branch
1388,C001388,personal,retired,0,157,84m+,high,0,33700.0,ON,branch
1389,C001389,personal,tradesperson,0,3,00-11m,low,0,54800.0,MB,online
1390,C001390,personal,retired,0,78,36-83m,low,0,62100.0,ON,online
1391,C001391,personal,tradesperson,0,82,36-83m,low,0,51500.0,BC,online
1392,C001392,personal,self_employed,0,19,12-35m,low,0,83100.0,AB,broker
1393,C001393,personal,student,0,48,36-83m,medium,0,71200.0,ON,online
1394,C001394,personal,student,0,78,36-83m,low,0,22500.0,SK,online
1395,C001395,business,salon,1,82,36-83m,low,0,288000.0,SK,mobile
1396,C001396,business,logistics,0,59,36-83m,low,0,136200.0,ON,online
1397,C001397,personal,self_employed,0,24,12-35m,low,0,151500.0,BC,mobile
1398,C001398,personal,student,0,7,00-11m,low,0,114700.0,ON,mobile
1399,C001399,personal,retired,0,73,36-83m,medium,0,121200.0,ON,online
1400,C001400,personal,salaried_employee,0,12,12-35m,high,0,52100.0,ON,branch
1401,C001401,personal,self_employed,0,28,12-35m,low,0,35800.0,AB,online
1402,C001402,personal,retired,0,37,36-83m,low,0,59600.0,ON,online
1403,C001403,business,money_services,0,76,36-83m,medium,0,361100.0,ON,online
1404,C001404,personal,self_employed,0,26,12-35m,low,0,12900.0,BC,mobile
1405,C001405,personal,public_sector,0,41,36-83m,low,0,44300.0,QC,branch
1406,C001406,personal,tradesperson,0,6,00-11m,low,0,46000.0,ON,branch
1407,C001407,business,consulting,0,38,36-83m,low,0,125000.0,SK,branch
1408,C001408,personal,student,0,169,84m+,medium,0,90100.0,ON,branch
1409,C001409,personal,self_employed,0,19,12-35m,medium,0,169500.0,QC,online
1410,C001410,personal,retired,0,44,36-83m,low,0,41800.0,ON,mobile
1411,C001411,personal,public_sector,0,43,36-83m,medium,0,70800.0,ON,branch
1412,C001412,personal,salaried_employee,0,99,84m+,low,0,46400.0,MB,online
1413,C001413,personal,self_employed,0,25,12-35m,low,0,75900.0,ON,broker
1414,C001414,personal,salaried_employee,0,78,36-83m,low,0,25500.0,QC,online
1415,C001415,personal,retired,0,5,00-11m,low,0,118600.0,MB,mobile
1416,C001416,personal,healthcare_worker,0,110,84m+,low,0,121500.0,ON,branch
1417,C001417,business,logistics,0,25,12-35m,low,0,359600.0,ON,mobile
1418,C001418,personal,salaried_employee,0,4,00-11m,medium,0,143300.0,ON,branch
1419,C001419,business,construction,0,18,12-35m,medium,0,294100.0,BC,branch
1420,C001420,personal,retired,0,70,36-83m,low,0,112700.0,BC,mobile
1421,C001421,personal,salaried_employee,0,73,36-83m,low,0,39800.0,ON,branch
1422,C001422,business,consulting,0,44,36-83m,low,0,1460500.0,MB,mobile
1423,C001423,personal,public_sector,0,44,36-83m,low,0,40600.0,ON,branch
1424,C001424,personal,salaried_employee,0,12,12-35m,low,0,50200.0,AB,mobile
1425,C001425,personal,healthcare_worker,0,145,84m+,medium,0,114200.0,QC,mobile
1426,C001426,business,consulting,0,25,12-35m,low,0,225700.0,SK,online
1427,C001427,business,money_services,0,20,12-35m,low,0,235200.0,ON,mobile
1428,C001428,personal,tradesperson,0,88,84m+,low,0,99800.0,MB,branch
1429,C001429,personal,tradesperson,0,33,12-35m,low,1,80100.0,QC,online
1430,C001430,business,import_export,0,28,12-35m,low,0,158200.0,QC,mobile
1431,C001431,personal,healthcare_worker,0,109,84m+,low,0,72000.0,NS,online
1432,C001432,business,auto_dealer,1,125,84m+,low,0,209700.0,QC,branch
1433,C001433,personal,self_employed,0,97,84m+,low,0,63000.0,BC,mobile
1434,C001434,personal,public_sector,0,50,36-83m,low,0,66300.0,ON,broker
1435,C001435,business,money_services,0,148,84m+,low,0,919700.0,ON,branch
1436,C001436,personal,self_employed,0,72,36-83m,low,0,32000.0,QC,branch
1437,C001437,business,salon,1,66,36-83m,medium,0,676500.0,BC,online
1438,C001438,personal,self_employed,0,51,36-83m,low,0,42000.0,ON,branch
1439,C001439,personal,public_sector,0,53,36-83m,medium,0,105600.0,AB,online
1440,C001440,business,auto_dealer,1,239,84m+,medium,0,147600.0,QC,online
1441,C001441,business,restaurant,1,10,00-11m,medium,0,1438300.0,MB,branch
1442,C001442,personal,public_sector,0,187,84m+,low,0,59000.0,BC,online
1443,C001443,business,convenience_retail,1,42,36-83m,low,0,409300.0,ON,online
1444,C001444,personal,student,0,56,36-83m,low,0,127700.0,ON,branch
1445,C001445,personal,public_sector,0,9,00-11m,medium,0,81100.0,BC,online
1446,C001446,personal,student,0,34,12-35m,high,0,66300.0,ON,online
1447,C001447,business,logistics,0,30,12-35m,low,0,341700.0,AB,branch
1448,C001448,business,auto_dealer,1,27,12-35m,low,0,259800.0,ON,mobile
1449,C001449,personal,salaried_employee,0,40,36-83m,high,0,58100.0,ON,branch
1450,C001450,business,construction,0,86,84m+,medium,0,82600.0,BC,mobile
1451,C001451,personal,healthcare_worker,0,118,84m+,low,0,114400.0,AB,branch
1452,C001452,business,construction,0,118,84m+,low,0,392000.0,AB,branch
1453,C001453,personal,public_sector,0,72,36-83m,medium,0,59500.0,BC,mobile
1454,C001454,personal,tradesperson,0,58,36-83m,low,0,87500.0,ON,branch
1455,C001455,personal,retired,0,13,12-35m,medium,0,188900.0,BC,branch
1456,C001456,personal,healthcare_worker,0,81,36-83m,low,0,38600.0,ON,online
1457,C001457,personal,salaried_employee,0,29,12-35m,low,0,46900.0,QC,online
1458,C001458,personal,retired,0,5,00-11m,low,0,34400.0,QC,branch
1459,C001459,personal,public_sector,0,30,12-35m,low,0,80700.0,ON,branch
1460,C001460,personal,retired,0,20,12-35m,low,0,76400.0,SK,mobile
1461,C001461,personal,tradesperson,0,49,36-83m,low,0,89700.0,AB,branch
1462,C001462,personal,self_employed,0,20,12-35m,high,0,44300.0,SK,online
1463,C001463,personal,public_sector,0,3,00-11m,high,0,213400.0,ON,online
1464,C001464,personal,tradesperson,0,106,84m+,low,0,88900.0,AB,mobile
1465,C001465,business,salon,1,70,36-83m,low,0,317900.0,QC,branch
1466,C001466,personal,student,0,61,36-83m,low,0,59200.0,ON,branch
1467,C001467,personal,retired,0,57,36-83m,medium,0,129700.0,ON,branch
1468,C001468,personal,public_sector,0,35,12-35m,medium,0,36200.0,ON,mobile
1469,C001469,business,money_services,0,129,84m+,low,0,144600.0,ON,online
1470,C001470,personal,healthcare_worker,0,36,36-83m,low,0,119000.0,ON,mobile
1471,C001471,personal,retired,0,22,12-35m,high,0,67800.0,ON,mobile
1472,C001472,personal,student,0,16,12-35m,high,0,73400.0,NS,branch
1473,C001473,business,convenience_retail,1,42,36-83m,low,0,531200.0,QC,broker
1474,C001474,business,convenience_retail,1,42,36-83m,low,0,94000.0,MB,online
1475,C001475,business,restaurant,1,66,36-83m,low,0,533800.0,ON,online
1476,C001476,personal,tradesperson,0,41,36-83m,low,0,62700.0,AB,online
1477,C001477,business,salon,1,115,84m+,low,0,528100.0,ON,branch
1478,C001478,personal,healthcare_worker,0,36,36-83m,low,0,74800.0,ON,mobile
1479,C001479,business,consulting,0,22,12-35m,low,0,361800.0,BC,mobile
1480,C001480,personal,student,0,45,36-83m,low,0,21200.0,QC,online
1481,C001481,personal,student,0,68,36-83m,low,0,147900.0,QC,branch
1482,C001482,personal,self_employed,0,80,36-83m,low,0,118800.0,QC,branch
1483,C001483,business,salon,1,30,12-35m,medium,0,152500.0,ON,branch
1484,C001484,personal,student,0,42,36-83m,low,0,78500.0,BC,mobile
1485,C001485,personal,tradesperson,0,108,84m+,low,0,21900.0,QC,branch
1486,C001486,personal,salaried_employee,0,26,12-35m,low,0,59100.0,ON,online
1487,C001487,personal,self_employed,0,58,36-83m,medium,0,52900.0,SK,mobile
1488,C001488,personal,tradesperson,0,100,84m+,low,0,100100.0,SK,branch
1489,C001489,personal,tradesperson,0,50,36-83m,low,0,105300.0,ON,branch
1490,C001490,business,auto_dealer,1,41,36-83m,low,0,566900.0,NS,branch
1491,C001491,personal,public_sector,0,38,36-83m,medium,0,63500.0,NS,branch
1492,C001492,personal,salaried_employee,0,54,36-83m,low,0,122400.0,MB,branch
1493,C001493,personal,healthcare_worker,0,86,84m+,low,0,43500.0,AB,branch
1494,C001494,personal,student,0,104,84m+,medium,0,57800.0,ON,branch
1495,C001495,personal,tradesperson,0,54,36-83m,low,0,34500.0,AB,branch
1496,C001496,personal,student,0,43,36-83m,low,0,30200.0,QC,online
1497,C001497,personal,self_employed,0,62,36-83m,medium,0,75300.0,ON,online
1498,C001498,personal,tradesperson,0,19,12-35m,low,0,88100.0,BC,branch
1499,C001499,personal,healthcare_worker,0,14,12-35m,low,0,58200.0,MB,online
1500,C001500,personal,public_sector,0,35,12-35m,high,0,47800.0,ON,branch
1501,C001501,business,auto_dealer,1,42,36-83m,medium,0,717400.0,BC,online
1502,C001502,business,convenience_retail,1,15,12-35m,low,0,215700.0,BC,online
1503,C001503,business,consulting,0,22,12-35m,medium,0,454400.0,QC,mobile
1504,C001504,personal,retired,0,11,00-11m,low,0,133000.0,ON,branch
1505,C001505,personal,public_sector,0,27,12-35m,low,0,65500.0,QC,branch
1506,C001506,business,logistics,0,22,12-35m,medium,0,461900.0,ON,branch
1507,C001507,business,consulting,0,14,12-35m,low,0,276800.0,QC,online
1508,C001508,personal,retired,0,55,36-83m,low,0,165400.0,ON,branch
1509,C001509,personal,retired,0,29,12-35m,medium,0,88400.0,QC,mobile
1510,C001510,personal,salaried_employee,0,20,12-35m,medium,0,76800.0,AB,mobile
1511,C001511,personal,public_sector,0,29,12-35m,low,0,34400.0,SK,branch
1512,C001512,personal,tradesperson,0,83,36-83m,low,0,50600.0,ON,online
1513,C001513,personal,public_sector,0,84,84m+,low,0,74500.0,QC,online
1514,C001514,personal,healthcare_worker,0,56,36-83m,medium,0,51100.0,SK,mobile
1515,C001515,personal,tradesperson,0,36,36-83m,low,0,128900.0,AB,online
1516,C001516,personal,retired,0,153,84m+,low,0,25800.0,ON,branch
1517,C001517,personal,salaried_employee,0,19,12-35m,low,0,53600.0,QC,branch
1518,C001518,business,import_export,0,81,36-83m,medium,0,63600.0,SK,online
1519,C001519,personal,tradesperson,0,50,36-83m,low,0,60800.0,ON,branch
1520,C001520,business,restaurant,1,54,36-83m,medium,0,590000.0,QC,online
1521,C001521,personal,salaried_employee,0,21,12-35m,low,0,24200.0,AB,branch
1522,C001522,personal,self_employed,0,54,36-83m,low,0,38500.0,QC,online
1523,C001523,personal,retired,0,36,36-83m,medium,0,52900.0,BC,mobile
1524,C001524,personal,salaried_employee,0,20,12-35m,low,0,55400.0,NS,online
1525,C001525,personal,healthcare_worker,0,60,36-83m,low,0,43400.0,ON,branch
1526,C001526,personal,student,0,27,12-35m,low,0,75800.0,SK,online
1527,C001527,personal,retired,0,28,12-35m,low,0,126700.0,ON,mobile
1528,C001528,personal,student,0,18,12-35m,low,0,25000.0,QC,branch
1529,C001529,personal,tradesperson,0,52,36-83m,high,0,27900.0,AB,branch
1530,C001530,personal,salaried_employee,0,59,36-83m,medium,0,51100.0,ON,branch
1531,C001531,personal,salaried_employee,0,112,84m+,medium,0,102100.0,QC,mobile
1532,C001532,personal,retired,0,54,36-83m,low,0,40000.0,QC,branch
1533,C001533,personal,public_sector,0,86,84m+,medium,0,77300.0,ON,online
1534,C001534,personal,salaried_employee,0,89,84m+,low,0,98800.0,BC,mobile
1535,C001535,personal,healthcare_worker,0,86,84m+,medium,0,51300.0,ON,branch
1536,C001536,personal,salaried_employee,0,76,36-83m,low,0,56500.0,NS,online
1537,C001537,personal,retired,0,28,12-35m,medium,1,64000.0,BC,online
1538,C001538,personal,public_sector,0,87,84m+,low,0,30000.0,ON,branch
1539,C001539,personal,retired,0,40,36-83m,low,0,100000.0,ON,branch
1540,C001540,business,convenience_retail,1,24,12-35m,low,0,194700.0,QC,mobile
1541,C001541,personal,healthcare_worker,0,15,12-35m,medium,0,101000.0,SK,online
1542,C001542,personal,salaried_employee,0,82,36-83m,medium,0,51600.0,ON,branch
1543,C001543,personal,self_employed,0,52,36-83m,low,0,27000.0,QC,online
1544,C001544,business,auto_dealer,1,32,12-35m,high,0,239800.0,ON,branch
1545,C001545,personal,tradesperson,0,106,84m+,low,0,35600.0,BC,broker
1546,C001546,personal,healthcare_worker,0,23,12-35m,low,0,25500.0,ON,broker
1547,C001547,personal,salaried_employee,0,54,36-83m,low,0,121100.0,ON,online
1548,C001548,personal,public_sector,0,23,12-35m,medium,0,129800.0,AB,online
1549,C001549,business,consulting,0,32,12-35m,low,0,112700.0,ON,mobile
1550,C001550,personal,retired,0,109,84m+,low,0,27100.0,SK,mobile
1551,C001551,business,import_export,0,36,36-83m,low,0,535900.0,SK,branch
1552,C001552,personal,public_sector,0,25,12-35m,low,0,31700.0,ON,mobile
1553,C001553,personal,salaried_employee,0,51,36-83m,low,0,40900.0,ON,branch
1554,C001554,personal,salaried_employee,0,123,84m+,low,0,33700.0,ON,online
1555,C001555,business,construction,0,104,84m+,low,0,463400.0,QC,broker
1556,C001556,personal,salaried_employee,0,28,12-35m,low,0,132100.0,ON,online
1557,C001557,personal,healthcare_worker,0,79,36-83m,high,0,46900.0,AB,branch
1558,C001558,personal,salaried_employee,0,64,36-83m,low,0,103000.0,BC,mobile
1559,C001559,personal,retired,0,93,84m+,low,0,142300.0,QC,branch
1560,C001560,personal,student,0,123,84m+,low,0,32700.0,BC,online
1561,C001561,personal,student,0,89,84m+,low,0,25400.0,QC,online
1562,C001562,business,restaurant,1,46,36-83m,low,0,256200.0,AB,online
1563,C001563,personal,student,0,71,36-83m,low,0,36800.0,ON,branch
1564,C001564,personal,healthcare_worker,0,133,84m+,medium,0,137300.0,BC,online
1565,C001565,personal,tradesperson,0,47,36-83m,low,0,73800.0,SK,mobile
1566,C001566,personal,retired,0,22,12-35m,low,0,54700.0,AB,branch
1567,C001567,personal,public_sector,0,33,12-35m,medium,0,100900.0,QC,broker
1568,C001568,personal,student,0,33,12-35m,medium,0,27500.0,SK,mobile
1569,C001569,personal,tradesperson,0,61,36-83m,medium,0,43200.0,SK,online
1570,C001570,personal,student,0,110,84m+,medium,0,114300.0,ON,branch
1571,C001571,personal,public_sector,0,117,84m+,low,0,66200.0,BC,mobile
1572,C001572,personal,healthcare_worker,0,133,84m+,low,0,87700.0,AB,online
1573,C001573,personal,public_sector,0,51,36-83m,low,0,100000.0,ON,branch
1574,C001574,business,construction,0,78,36-83m,low,0,270300.0,MB,branch
1575,C001575,personal,tradesperson,0,33,12-35m,low,0,50800.0,NS,mobile
1576,C001576,personal,salaried_employee,0,25,12-35m,low,0,35300.0,ON,broker
1577,C001577,personal,retired,0,82,36-83m,low,0,72400.0,ON,online
1578,C001578,business,import_export,0,82,36-83m,low,0,829000.0,AB,online
1579,C001579,personal,retired,0,28,12-35m,low,0,131800.0,ON,branch
1580,C001580,personal,retired,0,59,36-83m,low,0,58700.0,AB,branch
1581,C001581,business,convenience_retail,1,112,84m+,medium,0,197300.0,ON,branch
1582,C001582,personal,self_employed,0,54,36-83m,high,0,71900.0,ON,mobile
1583,C001583,business,construction,0,51,36-83m,medium,0,191300.0,QC,branch
1584,C001584,personal,retired,0,31,12-35m,low,0,62400.0,QC,mobile
1585,C001585,business,consulting,0,25,12-35m,medium,0,56700.0,QC,online
1586,C001586,personal,tradesperson,0,63,36-83m,low,0,173300.0,BC,online
1587,C001587,personal,retired,0,66,36-83m,low,0,49200.0,AB,branch
1588,C001588,personal,tradesperson,0,59,36-83m,low,0,103600.0,ON,branch
1589,C001589,personal,salaried_employee,0,54,36-83m,medium,0,79900.0,ON,broker
1590,C001590,personal,student,0,49,36-83m,low,0,27600.0,ON,branch
1591,C001591,personal,self_employed,0,15,12-35m,medium,0,119800.0,ON,broker
1592,C001592,business,import_export,0,28,12-35m,low,0,751500.0,QC,mobile
1593,C001593,personal,salaried_employee,0,32,12-35m,low,0,67800.0,ON,branch
1594,C001594,business,logistics,0,36,36-83m,low,0,269200.0,ON,online
1595,C001595,personal,public_sector,0,24,12-35m,low,0,48900.0,AB,mobile
1596,C001596,personal,public_sector,0,16,12-35m,low,0,70700.0,AB,mobile
1597,C001597,business,money_services,0,46,36-83m,low,0,709600.0,QC,branch
1598,C001598,business,restaurant,1,98,84m+,low,0,550600.0,ON,branch
1599,C001599,personal,salaried_employee,0,22,12-35m,medium,0,64500.0,ON,online
1600,C001600,personal,healthcare_worker,0,42,36-83m,high,0,61200.0,ON,online
1601,C001601,business,logistics,0,32,12-35m,low,0,444200.0,SK,broker
1602,C001602,personal,tradesperson,0,97,84m+,low,0,54400.0,ON,branch
1603,C001603,personal,salaried_employee,0,42,36-83m,low,0,93300.0,MB,branch
1604,C001604,personal,salaried_employee,0,32,12-35m,low,0,34400.0,BC,online
1605,C001605,personal,salaried_employee,0,151,84m+,medium,0,23100.0,MB,branch
1606,C001606,personal,self_employed,0,40,36-83m,low,0,42100.0,BC,mobile
1607,C001607,personal,public_sector,0,45,36-83m,low,0,55300.0,BC,branch
1608,C001608,personal,healthcare_worker,0,55,36-83m,low,0,28100.0,ON,mobile
1609,C001609,business,money_services,0,114,84m+,low,0,164400.0,ON,mobile
1610,C001610,business,restaurant,1,121,84m+,high,0,842400.0,ON,branch
1611,C001611,business,import_export,0,25,12-35m,medium,0,378500.0,AB,branch
1612,C001612,personal,self_employed,0,60,36-83m,low,0,67300.0,SK,mobile
1613,C001613,personal,retired,0,32,12-35m,low,0,56000.0,ON,online
1614,C001614,business,money_services,0,89,84m+,low,0,598700.0,QC,mobile
1615,C001615,personal,self_employed,0,113,84m+,low,0,127700.0,MB,branch
1616,C001616,personal,healthcare_worker,0,98,84m+,low,0,20000.0,QC,branch
1617,C001617,personal,retired,0,38,36-83m,low,0,26700.0,QC,branch
1618,C001618,personal,retired,0,37,36-83m,low,0,40800.0,AB,branch
1619,C001619,personal,tradesperson,0,205,84m+,low,0,49100.0,QC,branch
1620,C001620,business,auto_dealer,1,54,36-83m,low,0,301100.0,QC,mobile
1621,C001621,business,salon,1,79,36-83m,high,0,28600.0,NS,online
1622,C001622,personal,retired,0,63,36-83m,low,0,31500.0,ON,broker
1623,C001623,business,salon,1,28,12-35m,low,0,412900.0,ON,online
1624,C001624,personal,public_sector,0,17,12-35m,low,0,44000.0,MB,online
1625,C001625,personal,tradesperson,0,120,84m+,medium,0,163200.0,ON,branch
1626,C001626,personal,healthcare_worker,0,46,36-83m,low,0,95300.0,ON,mobile
1627,C001627,personal,tradesperson,0,112,84m+,medium,0,37000.0,AB,branch
1628,C001628,personal,salaried_employee,0,38,36-83m,medium,0,54700.0,QC,branch
1629,C001629,personal,retired,0,6,00-11m,low,0,71600.0,AB,branch
1630,C001630,personal,student,0,102,84m+,high,0,62700.0,QC,branch
1631,C001631,personal,tradesperson,0,156,84m+,low,0,71500.0,ON,mobile
1632,C001632,business,import_export,0,88,84m+,medium,0,207300.0,QC,branch
1633,C001633,personal,tradesperson,0,32,12-35m,medium,0,22400.0,BC,online
1634,C001634,personal,salaried_employee,0,21,12-35m,medium,0,25500.0,ON,branch
1635,C001635,personal,retired,0,81,36-83m,low,0,116500.0,ON,mobile
1636,C001636,personal,salaried_employee,0,24,12-35m,low,0,119800.0,MB,branch
1637,C001637,personal,tradesperson,0,104,84m+,low,0,44800.0,AB,branch
1638,C001638,personal,public_sector,0,3,00-11m,low,0,33100.0,AB,online
1639,C001639,personal,salaried_employee,0,20,12-35m,low,0,64000.0,QC,online
1640,C001640,personal,tradesperson,0,62,36-83m,low,0,23200.0,ON,branch
1641,C001641,personal,retired,0,23,12-35m,low,0,150000.0,AB,branch
1642,C001642,personal,tradesperson,0,22,12-35m,low,0,51000.0,AB,branch
1643,C001643,personal,tradesperson,0,109,84m+,low,0,71200.0,QC,mobile
1644,C001644,business,import_export,0,91,84m+,medium,0,192400.0,ON,branch
1645,C001645,personal,student,0,35,12-35m,low,0,33000.0,ON,mobile
1646,C001646,personal,healthcare_worker,0,18,12-35m,low,0,49100.0,QC,mobile
1647,C001647,personal,public_sector,0,48,36-83m,low,0,26500.0,ON,mobile
1648,C001648,personal,salaried_employee,0,51,36-83m,low,0,33900.0,SK,online
1649,C001649,personal,healthcare_worker,0,46,36-83m,medium,0,41100.0,ON,online
1650,C001650,personal,retired,0,71,36-83m,low,1,71400.0,ON,branch
1651,C001651,personal,public_sector,0,46,36-83m,low,0,46800.0,ON,branch
1652,C001652,personal,salaried_employee,0,145,84m+,low,0,59900.0,MB,branch
1653,C001653,personal,student,0,42,36-83m,low,0,48600.0,AB,broker
1654,C001654,business,construction,0,73,36-83m,low,0,245800.0,ON,branch
1655,C001655,business,consulting,0,73,36-83m,low,0,275200.0,QC,branch
1656,C001656,personal,student,0,73,36-83m,low,0,66100.0,BC,mobile
1657,C001657,personal,public_sector,0,54,36-83m,low,0,55900.0,ON,branch
1658,C001658,personal,student,0,62,36-83m,medium,0,29500.0,ON,online
1659,C001659,business,money_services,0,20,12-35m,low,0,158800.0,ON,branch
1660,C001660,personal,retired,0,19,12-35m,medium,0,72600.0,ON,mobile
1661,C001661,personal,student,0,43,36-83m,low,0,82800.0,ON,online
1662,C001662,personal,self_employed,0,64,36-83m,low,0,91900.0,ON,online
1663,C001663,personal,retired,0,79,36-83m,medium,0,56300.0,ON,mobile
1664,C001664,personal,retired,0,24,12-35m,low,0,49400.0,QC,mobile
1665,C001665,personal,salaried_employee,0,14,12-35m,low,0,47300.0,BC,mobile
1666,C001666,personal,tradesperson,0,64,36-83m,low,0,27800.0,NS,online
1667,C001667,personal,tradesperson,0,38,36-83m,low,0,129000.0,QC,mobile
1668,C001668,business,salon,1,22,12-35m,low,0,69000.0,ON,branch
1669,C001669,business,import_export,0,36,36-83m,low,0,502500.0,QC,branch
1670,C001670,personal,student,0,16,12-35m,low,0,110400.0,MB,branch
1671,C001671,personal,healthcare_worker,0,54,36-83m,low,0,72600.0,AB,branch
1672,C001672,personal,healthcare_worker,0,46,36-83m,low,0,23100.0,MB,branch
1673,C001673,business,construction,0,88,84m+,low,0,399800.0,ON,mobile
1674,C001674,personal,healthcare_worker,0,30,12-35m,medium,0,36100.0,ON,mobile
1675,C001675,personal,tradesperson,0,4,00-11m,low,0,81400.0,ON,online
1676,C001676,personal,tradesperson,0,45,36-83m,low,0,44700.0,BC,online
1677,C001677,personal,public_sector,0,24,12-35m,low,0,78000.0,ON,online
1678,C001678,personal,retired,0,14,12-35m,medium,0,55000.0,AB,online
1679,C001679,personal,retired,0,26,12-35m,low,0,62800.0,AB,mobile
1680,C001680,personal,salaried_employee,0,19,12-35m,medium,0,19900.0,ON,branch
1681,C001681,personal,student,0,97,84m+,low,0,75100.0,AB,broker
1682,C001682,personal,self_employed,0,98,84m+,low,0,50200.0,QC,mobile
1683,C001683,personal,retired,0,67,36-83m,low,0,51000.0,AB,mobile
1684,C001684,personal,student,0,66,36-83m,low,0,42300.0,QC,online
1685,C001685,personal,tradesperson,0,4,00-11m,low,0,42400.0,ON,branch
1686,C001686,personal,healthcare_worker,0,109,84m+,medium,0,37500.0,BC,online
1687,C001687,personal,self_employed,0,40,36-83m,low,0,31000.0,BC,mobile
1688,C001688,personal,healthcare_worker,0,37,36-83m,low,0,98100.0,BC,branch
1689,C001689,business,money_services,0,82,36-83m,medium,0,339200.0,ON,mobile
1690,C001690,personal,public_sector,0,123,84m+,high,0,43000.0,SK,online
1691,C001691,personal,public_sector,0,58,36-83m,low,0,50300.0,ON,online
1692,C001692,business,logistics,0,62,36-83m,low,0,334000.0,BC,mobile
1693,C001693,personal,student,0,77,36-83m,low,0,68900.0,ON,online
1694,C001694,business,logistics,0,125,84m+,low,0,1053100.0,ON,broker
1695,C001695,personal,retired,0,119,84m+,low,0,70300.0,ON,branch
1696,C001696,personal,public_sector,0,102,84m+,low,0,70700.0,ON,broker
1697,C001697,personal,tradesperson,0,19,12-35m,low,0,81200.0,QC,branch
1698,C001698,personal,public_sector,0,58,36-83m,low,0,72600.0,BC,branch
1699,C001699,personal,student,0,33,12-35m,medium,0,96600.0,BC,online
1700,C001700,personal,healthcare_worker,0,54,36-83m,low,0,49100.0,ON,branch
1701,C001701,personal,self_employed,0,26,12-35m,low,0,44300.0,QC,broker
1702,C001702,personal,student,0,101,84m+,medium,0,48000.0,QC,mobile
1703,C001703,personal,student,0,74,36-83m,low,0,45500.0,AB,broker
1704,C001704,personal,salaried_employee,0,7,00-11m,medium,0,51000.0,AB,branch
1705,C001705,personal,public_sector,0,35,12-35m,low,0,43900.0,QC,online
1706,C001706,personal,self_employed,0,60,36-83m,low,0,39200.0,QC,broker
1707,C001707,business,auto_dealer,1,90,84m+,medium,0,373500.0,QC,mobile
1708,C001708,business,convenience_retail,1,56,36-83m,low,0,78700.0,ON,branch
1709,C001709,personal,public_sector,0,200,84m+,low,0,55500.0,QC,broker
1710,C001710,personal,self_employed,0,79,36-83m,low,0,48800.0,ON,online
1711,C001711,personal,public_sector,0,75,36-83m,low,0,38300.0,BC,mobile
1712,C001712,personal,salaried_employee,0,31,12-35m,low,0,34700.0,QC,mobile
1713,C001713,personal,retired,0,73,36-83m,low,0,58900.0,ON,online
1714,C001714,personal,healthcare_worker,0,18,12-35m,low,0,25400.0,ON,mobile
1715,C001715,personal,retired,0,27,12-35m,medium,0,31700.0,AB,mobile
1716,C001716,personal,student,0,23,12-35m,low,0,59900.0,ON,broker
1717,C001717,personal,retired,0,113,84m+,medium,0,80400.0,ON,mobile
1718,C001718,personal,healthcare_worker,0,25,12-35m,low,0,58300.0,ON,branch
1719,C001719,personal,student,0,135,84m+,low,0,46300.0,ON,online
1720,C001720,business,logistics,0,18,12-35m,low,0,77200.0,ON,online
1721,C001721,personal,salaried_employee,0,43,36-83m,medium,0,82100.0,ON,online
1722,C001722,personal,salaried_employee,0,7,00-11m,low,0,133800.0,ON,online
1723,C001723,personal,student,0,75,36-83m,low,0,63400.0,BC,branch
1724,C001724,personal,public_sector,0,13,12-35m,medium,0,91100.0,BC,mobile
1725,C001725,business,convenience_retail,1,51,36-83m,low,0,130300.0,ON,online
1726,C001726,personal,student,0,26,12-35m,low,0,66700.0,BC,online
1727,C001727,business,logistics,0,28,12-35m,low,0,240300.0,ON,online
1728,C001728,personal,healthcare_worker,0,52,36-83m,medium,0,94500.0,SK,online
1729,C001729,business,consulting,0,69,36-83m,low,0,217600.0,QC,online
1730,C001730,business,convenience_retail,1,99,84m+,low,0,417500.0,ON,branch
1731,C001731,business,money_services,0,88,84m+,medium,0,354000.0,ON,online
1732,C001732,personal,tradesperson,0,112,84m+,low,0,66800.0,BC,branch
1733,C001733,personal,salaried_employee,0,25,12-35m,medium,0,85600.0,BC,branch
1734,C001734,personal,self_employed,0,34,12-35m,low,0,68500.0,ON,broker
1735,C001735,personal,retired,0,88,84m+,low,0,105500.0,BC,mobile
1736,C001736,business,auto_dealer,1,35,12-35m,low,0,337700.0,ON,branch
1737,C001737,business,money_services,0,56,36-83m,high,0,827500.0,ON,branch
1738,C001738,personal,tradesperson,0,51,36-83m,low,0,48700.0,MB,broker
1739,C001739,business,restaurant,1,75,36-83m,low,0,100900.0,ON,mobile
1740,C001740,personal,student,0,148,84m+,low,0,51200.0,QC,branch
1741,C001741,personal,self_employed,0,108,84m+,low,0,25200.0,BC,online
1742,C001742,personal,retired,0,50,36-83m,low,0,55500.0,QC,branch
1743,C001743,personal,tradesperson,0,137,84m+,medium,0,23300.0,ON,mobile
1744,C001744,personal,public_sector,0,27,12-35m,low,0,103700.0,ON,branch
1745,C001745,business,import_export,0,285,84m+,medium,0,398100.0,ON,online
1746,C001746,personal,self_employed,0,35,12-35m,low,0,140900.0,ON,branch
1747,C001747,personal,salaried_employee,0,5,00-11m,high,0,73600.0,BC,branch
1748,C001748,personal,public_sector,0,90,84m+,medium,0,106300.0,NS,branch
1749,C001749,personal,self_employed,0,68,36-83m,medium,0,67500.0,ON,branch
1750,C001750,business,restaurant,1,43,36-83m,low,0,1235700.0,QC,online
1751,C001751,business,salon,1,28,12-35m,low,0,378300.0,ON,online
1752,C001752,personal,student,0,52,36-83m,medium,0,203300.0,ON,branch
1753,C001753,personal,tradesperson,0,62,36-83m,low,0,134800.0,AB,online
1754,C001754,personal,student,0,30,12-35m,low,0,72400.0,ON,branch
1755,C001755,personal,retired,0,35,12-35m,low,0,30300.0,QC,branch
1756,C001756,personal,retired,0,97,84m+,medium,0,33400.0,ON,branch
1757,C001757,personal,tradesperson,0,25,12-35m,low,0,107700.0,ON,branch
1758,C001758,personal,self_employed,0,52,36-83m,medium,0,103600.0,ON,branch
1759,C001759,personal,salaried_employee,0,28,12-35m,low,0,37900.0,ON,online
1760,C001760,personal,student,0,95,84m+,low,0,18900.0,ON,online
1761,C001761,personal,public_sector,0,168,84m+,low,0,72300.0,BC,branch
1762,C001762,business,salon,1,90,84m+,low,0,558600.0,ON,mobile
1763,C001763,personal,student,0,64,36-83m,medium,0,24300.0,QC,branch
1764,C001764,personal,healthcare_worker,0,40,36-83m,low,0,57600.0,QC,branch
1765,C001765,personal,student,0,108,84m+,medium,0,60100.0,ON,mobile
1766,C001766,business,auto_dealer,1,45,36-83m,low,0,339500.0,QC,online
1767,C001767,personal,public_sector,0,95,84m+,medium,0,43100.0,BC,branch
1768,C001768,personal,tradesperson,0,101,84m+,low,0,14700.0,ON,branch
1769,C001769,personal,self_employed,0,17,12-35m,low,0,102200.0,BC,mobile
1770,C001770,personal,public_sector,0,24,12-35m,low,0,66500.0,BC,online
1771,C001771,personal,tradesperson,0,79,36-83m,low,0,54100.0,ON,online
1772,C001772,personal,public_sector,0,57,36-83m,low,0,57400.0,ON,branch
1773,C001773,personal,retired,0,184,84m+,low,0,72800.0,ON,branch
1774,C001774,business,logistics,0,66,36-83m,medium,0,580100.0,BC,branch
1775,C001775,personal,healthcare_worker,0,46,36-83m,low,0,56300.0,BC,branch
1776,C001776,personal,tradesperson,0,60,36-83m,medium,0,54000.0,AB,branch
1777,C001777,personal,retired,0,63,36-83m,low,0,15600.0,QC,branch
1778,C001778,personal,tradesperson,0,62,36-83m,high,0,29000.0,AB,online
1779,C001779,personal,retired,0,170,84m+,low,0,46500.0,AB,mobile
1780,C001780,personal,student,0,21,12-35m,medium,0,212500.0,QC,online
1781,C001781,business,logistics,0,160,84m+,high,0,568300.0,AB,mobile
1782,C001782,personal,public_sector,0,51,36-83m,low,0,44900.0,QC,mobile
1783,C001783,personal,healthcare_worker,0,67,36-83m,low,0,131700.0,ON,online
1784,C001784,business,construction,0,56,36-83m,low,0,174700.0,ON,broker
1785,C001785,personal,self_employed,0,21,12-35m,low,0,37500.0,ON,online
1786,C001786,personal,self_employed,0,92,84m+,low,0,69400.0,BC,broker
1787,C001787,personal,student,0,105,84m+,low,0,67500.0,NS,online
1788,C001788,personal,student,0,48,36-83m,low,0,44600.0,AB,mobile
1789,C001789,personal,tradesperson,0,98,84m+,low,0,59800.0,MB,online
1790,C001790,personal,student,0,63,36-83m,low,0,36900.0,BC,branch
1791,C001791,business,convenience_retail,1,31,12-35m,low,0,135900.0,ON,branch
1792,C001792,personal,retired,0,31,12-35m,low,0,34200.0,ON,mobile
1793,C001793,personal,self_employed,0,65,36-83m,low,0,50700.0,ON,mobile
1794,C001794,personal,salaried_employee,0,100,84m+,medium,0,150500.0,ON,online
1795,C001795,business,auto_dealer,1,12,12-35m,low,0,747700.0,ON,online
1796,C001796,personal,student,0,14,12-35m,low,0,39000.0,QC,mobile
1797,C001797,personal,retired,0,90,84m+,low,0,56100.0,ON,online
1798,C001798,personal,salaried_employee,0,64,36-83m,low,0,65500.0,AB,branch
1799,C001799,business,money_services,0,17,12-35m,low,0,188700.0,ON,branch
1800,C001800,personal,tradesperson,0,1,00-11m,low,0,38400.0,ON,online
1801,C001801,personal,student,0,50,36-83m,medium,0,38300.0,QC,online
1802,C001802,personal,tradesperson,0,14,12-35m,low,0,71200.0,QC,online
1803,C001803,business,consulting,0,24,12-35m,low,0,281600.0,ON,online
1804,C001804,personal,self_employed,0,55,36-83m,medium,0,67800.0,ON,online
1805,C001805,personal,tradesperson,0,6,00-11m,low,0,39100.0,QC,mobile
1806,C001806,personal,tradesperson,0,30,12-35m,low,0,86800.0,BC,online
1807,C001807,personal,self_employed,0,11,00-11m,high,0,15200.0,BC,branch
1808,C001808,personal,healthcare_worker,0,144,84m+,low,0,128600.0,ON,mobile
1809,C001809,personal,student,0,36,36-83m,low,0,46100.0,ON,online
1810,C001810,business,construction,0,127,84m+,medium,0,100600.0,QC,mobile
1811,C001811,personal,tradesperson,0,11,00-11m,medium,0,101100.0,ON,mobile
1812,C001812,business,logistics,0,102,84m+,low,0,120700.0,ON,online
1813,C001813,personal,student,0,98,84m+,medium,0,24800.0,ON,mobile
1814,C001814,personal,self_employed,0,119,84m+,low,0,28700.0,ON,branch
1815,C001815,personal,healthcare_worker,0,40,36-83m,medium,0,81700.0,ON,mobile
1816,C001816,business,consulting,0,39,36-83m,low,0,480200.0,QC,branch
1817,C001817,business,construction,0,105,84m+,low,0,482500.0,QC,online
1818,C001818,business,auto_dealer,1,87,84m+,low,0,1542300.0,QC,branch
1819,C001819,business,money_services,0,108,84m+,medium,0,237700.0,BC,branch
1820,C001820,personal,tradesperson,0,20,12-35m,low,0,53200.0,BC,online
1821,C001821,business,logistics,0,91,84m+,low,0,139700.0,BC,branch
1822,C001822,business,salon,1,37,36-83m,low,0,2001700.0,ON,broker
1823,C001823,business,restaurant,1,55,36-83m,low,0,211000.0,ON,online
1824,C001824,business,money_services,0,118,84m+,low,0,421600.0,ON,branch
1825,C001825,personal,healthcare_worker,0,27,12-35m,low,0,25600.0,ON,branch
1826,C001826,personal,healthcare_worker,0,115,84m+,low,0,45400.0,ON,branch
1827,C001827,personal,retired,0,140,84m+,medium,0,57700.0,BC,online
1828,C001828,personal,tradesperson,0,119,84m+,high,0,27100.0,SK,branch
1829,C001829,personal,self_employed,0,54,36-83m,medium,0,61600.0,ON,online
1830,C001830,business,convenience_retail,1,93,84m+,low,0,157600.0,ON,branch
1831,C001831,personal,salaried_employee,0,44,36-83m,low,0,96000.0,QC,online
1832,C001832,personal,healthcare_worker,0,123,84m+,medium,0,54000.0,ON,online
1833,C001833,personal,healthcare_worker,0,56,36-83m,low,0,34700.0,SK,online
1834,C001834,personal,public_sector,0,54,36-83m,low,0,152400.0,ON,branch
1835,C001835,business,restaurant,1,44,36-83m,low,0,100000.0,SK,online
1836,C001836,business,logistics,0,74,36-83m,high,0,708900.0,MB,branch
1837,C001837,personal,salaried_employee,0,105,84m+,medium,0,22100.0,AB,online
1838,C001838,business,logistics,0,33,12-35m,low,0,563400.0,AB,online
1839,C001839,personal,self_employed,0,22,12-35m,low,0,21800.0,QC,branch
1840,C001840,personal,student,0,22,12-35m,low,0,45300.0,ON,branch
1841,C001841,personal,tradesperson,0,15,12-35m,medium,0,29700.0,ON,online
1842,C001842,personal,salaried_employee,0,94,84m+,low,0,32000.0,QC,branch
1843,C001843,personal,public_sector,0,32,12-35m,low,0,97300.0,ON,branch
1844,C001844,business,logistics,0,54,36-83m,low,0,108300.0,QC,branch
1845,C001845,personal,retired,0,73,36-83m,high,0,32300.0,AB,online
1846,C001846,personal,retired,0,43,36-83m,low,0,83500.0,AB,online
1847,C001847,business,convenience_retail,1,76,36-83m,low,0,127800.0,ON,branch
1848,C001848,business,restaurant,1,66,36-83m,low,0,677200.0,ON,online
1849,C001849,business,logistics,0,17,12-35m,medium,0,93500.0,NS,online
1850,C001850,personal,retired,0,56,36-83m,low,0,118800.0,MB,online
1851,C001851,personal,tradesperson,0,41,36-83m,low,0,47800.0,BC,online
1852,C001852,personal,public_sector,0,7,00-11m,medium,0,57400.0,NS,branch
1853,C001853,personal,tradesperson,0,127,84m+,low,0,72000.0,AB,branch
1854,C001854,personal,self_employed,0,41,36-83m,low,0,19900.0,ON,branch
1855,C001855,business,auto_dealer,1,24,12-35m,medium,0,422100.0,ON,mobile
1856,C001856,personal,retired,0,30,12-35m,low,0,51700.0,ON,online
1857,C001857,personal,retired,0,46,36-83m,low,0,64800.0,QC,branch
1858,C001858,business,logistics,0,56,36-83m,low,0,214000.0,MB,branch
1859,C001859,personal,salaried_employee,0,60,36-83m,medium,0,53100.0,QC,branch
1860,C001860,personal,tradesperson,0,72,36-83m,low,0,80500.0,AB,branch
1861,C001861,personal,healthcare_worker,0,12,12-35m,low,0,58600.0,SK,branch
1862,C001862,personal,retired,0,50,36-83m,low,0,67900.0,ON,mobile
1863,C001863,business,auto_dealer,1,50,36-83m,low,0,338200.0,ON,online
1864,C001864,personal,salaried_employee,0,126,84m+,medium,0,54500.0,AB,mobile
1865,C001865,personal,self_employed,0,19,12-35m,low,0,32500.0,BC,branch
1866,C001866,business,consulting,0,57,36-83m,low,0,69000.0,ON,branch
1867,C001867,personal,salaried_employee,0,19,12-35m,medium,0,45700.0,AB,mobile
1868,C001868,personal,healthcare_worker,0,25,12-35m,high,0,30500.0,QC,branch
1869,C001869,personal,student,0,101,84m+,low,0,36600.0,BC,branch
1870,C001870,business,import_export,0,101,84m+,low,0,1636500.0,AB,branch
1871,C001871,personal,public_sector,0,31,12-35m,medium,0,52800.0,ON,branch
1872,C001872,personal,salaried_employee,0,60,36-83m,low,0,94600.0,ON,mobile
1873,C001873,personal,retired,0,85,84m+,low,0,54900.0,ON,online
1874,C001874,personal,tradesperson,0,80,36-83m,low,0,87500.0,ON,online
1875,C001875,business,import_export,0,78,36-83m,medium,0,136300.0,BC,branch
1876,C001876,personal,public_sector,0,23,12-35m,low,0,80200.0,ON,online
1877,C001877,personal,salaried_employee,0,4,00-11m,low,0,45800.0,QC,online
1878,C001878,personal,retired,0,24,12-35m,medium,0,96600.0,ON,mobile
1879,C001879,personal,healthcare_worker,0,144,84m+,low,0,117600.0,BC,branch
1880,C001880,personal,student,0,38,36-83m,low,0,28400.0,AB,broker
1881,C001881,personal,salaried_employee,0,130,84m+,low,0,110700.0,AB,branch
1882,C001882,personal,healthcare_worker,0,117,84m+,low,0,82200.0,ON,online
1883,C001883,personal,healthcare_worker,0,123,84m+,low,0,66200.0,AB,online
1884,C001884,personal,student,0,72,36-83m,low,0,64900.0,BC,branch
1885,C001885,personal,retired,0,139,84m+,low,0,126900.0,AB,mobile
1886,C001886,personal,student,0,32,12-35m,low,0,39400.0,QC,mobile
1887,C001887,personal,student,0,45,36-83m,low,0,35700.0,ON,branch
1888,C001888,personal,self_employed,0,71,36-83m,low,0,89200.0,ON,branch
1889,C001889,business,money_services,0,70,36-83m,medium,0,505500.0,ON,mobile
1890,C001890,business,consulting,0,27,12-35m,medium,0,398500.0,ON,branch
1891,C001891,personal,student,0,124,84m+,low,0,24900.0,ON,mobile
1892,C001892,business,consulting,0,27,12-35m,low,0,504500.0,QC,broker
1893,C001893,personal,healthcare_worker,0,64,36-83m,low,0,52300.0,ON,online
1894,C001894,personal,student,0,96,84m+,low,0,41700.0,ON,branch
1895,C001895,personal,healthcare_worker,0,48,36-83m,medium,0,65800.0,AB,branch
1896,C001896,personal,retired,0,38,36-83m,low,0,53300.0,AB,online
1897,C001897,personal,healthcare_worker,0,9,00-11m,low,0,75300.0,BC,online
1898,C001898,personal,healthcare_worker,0,143,84m+,low,0,37700.0,ON,branch
1899,C001899,business,salon,1,25,12-35m,low,0,151700.0,BC,branch
1900,C001900,personal,tradesperson,0,22,12-35m,low,0,125700.0,AB,broker
1901,C001901,personal,student,0,104,84m+,low,0,49400.0,ON,branch
1902,C001902,personal,salaried_employee,0,21,12-35m,low,0,65000.0,BC,mobile
1903,C001903,personal,self_employed,0,82,36-83m,medium,0,93100.0,QC,broker
1904,C001904,personal,tradesperson,0,2,00-11m,medium,0,39300.0,BC,mobile
1905,C001905,personal,retired,0,50,36-83m,low,0,38100.0,ON,online
1906,C001906,personal,salaried_employee,0,63,36-83m,low,0,66300.0,QC,online
1907,C001907,personal,self_employed,0,10,00-11m,low,0,70400.0,ON,branch
1908,C001908,personal,tradesperson,0,120,84m+,medium,0,33900.0,BC,online
1909,C001909,personal,public_sector,0,45,36-83m,medium,0,53600.0,ON,online
1910,C001910,business,import_export,0,106,84m+,low,0,242900.0,SK,online
1911,C001911,business,auto_dealer,1,28,12-35m,medium,0,90500.0,AB,branch
1912,C001912,personal,retired,0,160,84m+,high,0,99500.0,ON,branch
1913,C001913,personal,salaried_employee,0,37,36-83m,medium,0,36000.0,ON,branch
1914,C001914,personal,salaried_employee,0,49,36-83m,low,0,37500.0,MB,online
1915,C001915,personal,tradesperson,0,15,12-35m,low,0,114100.0,QC,mobile
1916,C001916,personal,salaried_employee,0,36,36-83m,low,0,39700.0,BC,branch
1917,C001917,personal,self_employed,0,96,84m+,low,1,121900.0,AB,mobile
1918,C001918,business,auto_dealer,1,28,12-35m,medium,0,202700.0,BC,branch
1919,C001919,personal,healthcare_worker,0,54,36-83m,medium,0,65300.0,QC,online
1920,C001920,business,auto_dealer,1,70,36-83m,low,0,1161100.0,ON,branch
1921,C001921,personal,salaried_employee,0,25,12-35m,medium,0,59600.0,QC,mobile
1922,C001922,personal,salaried_employee,0,21,12-35m,medium,0,59700.0,QC,online
1923,C001923,business,logistics,0,30,12-35m,medium,0,167600.0,AB,online
1924,C001924,personal,student,0,127,84m+,low,0,43100.0,BC,mobile
1925,C001925,personal,self_employed,0,62,36-83m,low,0,94800.0,NS,online
1926,C001926,personal,public_sector,0,103,84m+,low,0,241600.0,QC,mobile
1927,C001927,business,money_services,0,71,36-83m,medium,0,245200.0,NS,online
1928,C001928,personal,self_employed,0,42,36-83m,low,0,79700.0,QC,branch
1929,C001929,personal,retired,0,72,36-83m,high,0,102300.0,QC,mobile
1930,C001930,personal,public_sector,0,50,36-83m,low,0,91700.0,BC,mobile
1931,C001931,business,money_services,0,92,84m+,low,0,971600.0,ON,branch
1932,C001932,personal,salaried_employee,0,119,84m+,low,0,30800.0,ON,branch
1933,C001933,personal,tradesperson,0,17,12-35m,low,0,72800.0,BC,branch
1934,C001934,personal,public_sector,0,18,12-35m,low,0,94100.0,BC,online
1935,C001935,personal,salaried_employee,0,19,12-35m,low,0,43300.0,BC,mobile
1936,C001936,personal,retired,0,70,36-83m,medium,0,92200.0,ON,online
1937,C001937,personal,public_sector,0,123,84m+,high,0,65800.0,QC,branch
1938,C001938,personal,public_sector,0,44,36-83m,low,0,22100.0,BC,mobile
1939,C001939,personal,tradesperson,0,24,12-35m,high,0,53300.0,SK,branch
1940,C001940,personal,student,0,86,84m+,low,0,20300.0,AB,online
1941,C001941,personal,public_sector,0,154,84m+,low,0,66600.0,ON,online
1942,C001942,personal,salaried_employee,0,36,36-83m,low,0,61600.0,AB,branch
1943,C001943,personal,tradesperson,0,15,12-35m,low,0,47500.0,ON,branch
1944,C001944,personal,healthcare_worker,0,43,36-83m,low,0,44600.0,QC,branch
1945,C001945,personal,student,0,42,36-83m,medium,0,56900.0,ON,branch
1946,C001946,personal,healthcare_worker,0,34,12-35m,low,0,61100.0,QC,mobile
1947,C001947,business,logistics,0,62,36-83m,low,0,1062700.0,AB,online
1948,C001948,personal,retired,0,109,84m+,low,0,34200.0,MB,branch
1949,C001949,personal,salaried_employee,0,21,12-35m,medium,0,70700.0,ON,branch
1950,C001950,business,convenience_retail,1,90,84m+,low,0,323000.0,QC,broker
1951,C001951,personal,retired,0,13,12-35m,low,0,40100.0,AB,branch
1952,C001952,personal,salaried_employee,0,82,36-83m,low,0,56300.0,ON,online
1953,C001953,personal,public_sector,0,23,12-35m,low,0,95000.0,ON,mobile
1954,C001954,business,restaurant,1,22,12-35m,medium,0,186100.0,AB,mobile
1955,C001955,personal,healthcare_worker,0,55,36-83m,low,0,53000.0,ON,mobile
1956,C001956,personal,salaried_employee,0,29,12-35m,low,0,27600.0,ON,mobile
1957,C001957,personal,public_sector,0,74,36-83m,low,0,82100.0,QC,online
1958,C001958,personal,student,0,39,36-83m,low,0,51300.0,QC,branch
1959,C001959,personal,retired,0,39,36-83m,low,0,37300.0,BC,branch
1960,C001960,personal,retired,0,32,12-35m,low,0,52500.0,QC,branch
1961,C001961,personal,retired,0,65,36-83m,low,0,44800.0,QC,mobile
1962,C001962,business,construction,0,57,36-83m,medium,0,474800.0,ON,branch
1963,C001963,personal,salaried_employee,0,56,36-83m,low,0,144300.0,AB,mobile
1964,C001964,business,logistics,0,50,36-83m,low,0,258200.0,ON,online
1965,C001965,personal,self_employed,0,17,12-35m,low,0,41700.0,BC,branch
1966,C001966,business,salon,1,115,84m+,low,0,519800.0,SK,branch
1967,C001967,personal,public_sector,0,48,36-83m,low,0,33400.0,BC,branch
1968,C001968,personal,salaried_employee,0,36,36-83m,low,0,84100.0,ON,online
1969,C001969,personal,student,0,103,84m+,medium,0,105800.0,BC,branch
1970,C001970,personal,retired,0,62,36-83m,low,0,45000.0,ON,online
1971,C001971,business,auto_dealer,1,27,12-35m,low,0,1014700.0,BC,online
1972,C001972,business,import_export,0,77,36-83m,medium,0,171000.0,BC,branch
1973,C001973,personal,healthcare_worker,0,58,36-83m,low,0,33000.0,QC,branch
1974,C001974,business,construction,0,46,36-83m,low,0,1389500.0,ON,online
1975,C001975,personal,public_sector,0,46,36-83m,low,0,182200.0,SK,online
1976,C001976,personal,retired,0,58,36-83m,high,0,37100.0,ON,online
1977,C001977,personal,retired,0,153,84m+,low,0,52200.0,QC,branch
1978,C001978,personal,student,0,17,12-35m,low,0,121700.0,ON,mobile
1979,C001979,personal,student,0,42,36-83m,low,0,124800.0,QC,mobile
1980,C001980,personal,student,0,146,84m+,medium,0,91800.0,QC,branch
1981,C001981,personal,retired,0,62,36-83m,low,0,65700.0,AB,mobile
1982,C001982,personal,student,0,94,84m+,low,0,37000.0,BC,online
1983,C001983,personal,salaried_employee,0,42,36-83m,low,0,76900.0,ON,online
1984,C001984,personal,healthcare_worker,0,6,00-11m,low,0,21100.0,AB,branch
1985,C001985,personal,self_employed,0,69,36-83m,medium,0,85700.0,QC,mobile
1986,C001986,personal,retired,0,32,12-35m,low,0,214000.0,QC,online
1987,C001987,personal,retired,0,16,12-35m,low,0,33900.0,MB,mobile
1988,C001988,business,auto_dealer,1,57,36-83m,low,0,159900.0,ON,mobile
1989,C001989,personal,healthcare_worker,0,77,36-83m,low,0,25700.0,ON,branch
1990,C001990,business,import_export,0,29,12-35m,medium,0,352000.0,QC,broker
1991,C001991,personal,tradesperson,0,68,36-83m,low,0,40500.0,QC,online
1992,C001992,business,restaurant,1,21,12-35m,low,0,86800.0,ON,mobile
1993,C001993,personal,retired,0,19,12-35m,medium,0,45500.0,ON,online
1994,C001994,business,restaurant,1,83,36-83m,low,0,174500.0,BC,mobile
1995,C001995,personal,tradesperson,0,107,84m+,low,0,21200.0,QC,online
1996,C001996,personal,salaried_employee,0,39,36-83m,low,0,67500.0,BC,branch
1997,C001997,personal,retired,0,69,36-83m,low,0,131100.0,ON,online
1998,C001998,personal,retired,0,4,00-11m,low,0,68500.0,QC,online
1999,C001999,business,import_export,0,50,36-83m,medium,0,1299800.0,BC,mobile
2000,C002000,personal,salaried_employee,0,25,12-35m,medium,0,98100.0,MB,mobile
2001,C002001,personal,public_sector,0,29,12-35m,low,0,22000.0,QC,online
2002,C002002,personal,healthcare_worker,0,26,12-35m,low,0,15300.0,QC,branch
2003,C002003,business,consulting,0,21,12-35m,high,0,151500.0,QC,mobile
2004,C002004,personal,tradesperson,0,15,12-35m,low,0,35600.0,QC,branch
2005,C002005,personal,student,0,31,12-35m,low,0,48300.0,QC,online
2006,C002006,personal,student,0,15,12-35m,medium,0,165100.0,QC,online
2007,C002007,personal,student,0,34,12-35m,low,0,91100.0,ON,mobile
2008,C002008,personal,student,0,129,84m+,low,0,16000.0,ON,mobile
2009,C002009,personal,student,0,7,00-11m,low,0,51500.0,ON,branch
2010,C002010,personal,public_sector,0,25,12-35m,low,0,64600.0,ON,mobile
2011,C002011,personal,healthcare_worker,0,33,12-35m,low,0,74700.0,ON,branch
2012,C002012,personal,public_sector,0,46,36-83m,low,0,27500.0,AB,mobile
2013,C002013,business,consulting,0,128,84m+,low,0,70600.0,ON,branch
2014,C002014,business,salon,1,7,00-11m,low,0,2565200.0,AB,branch
2015,C002015,personal,salaried_employee,0,30,12-35m,low,0,111800.0,QC,online
2016,C002016,personal,healthcare_worker,0,98,84m+,low,0,56900.0,QC,branch
2017,C002017,personal,retired,0,66,36-83m,low,0,65800.0,ON,online
2018,C002018,personal,public_sector,0,21,12-35m,low,0,53900.0,QC,online
2019,C002019,personal,student,0,72,36-83m,low,0,32000.0,AB,branch
2020,C002020,personal,self_employed,0,27,12-35m,high,0,82200.0,ON,mobile
2021,C002021,personal,public_sector,0,30,12-35m,low,0,35900.0,BC,branch
2022,C002022,personal,salaried_employee,0,41,36-83m,low,0,63500.0,ON,mobile
2023,C002023,business,import_export,0,32,12-35m,medium,0,221900.0,SK,online
2024,C002024,personal,retired,0,123,84m+,low,0,91500.0,QC,mobile
2025,C002025,business,construction,0,73,36-83m,low,0,405600.0,QC,branch
2026,C002026,personal,tradesperson,0,38,36-83m,low,0,110600.0,QC,online
2027,C002027,personal,self_employed,0,208,84m+,medium,0,40100.0,QC,branch
2028,C002028,personal,retired,0,33,12-35m,low,0,62100.0,BC,online
2029,C002029,personal,public_sector,0,60,36-83m,low,0,70900.0,ON,branch
2030,C002030,personal,retired,0,44,36-83m,medium,0,110200.0,QC,online
2031,C002031,personal,retired,0,12,12-35m,low,0,24700.0,QC,mobile
2032,C002032,personal,salaried_employee,0,64,36-83m,medium,0,44800.0,QC,branch
2033,C002033,personal,self_employed,0,50,36-83m,medium,0,68700.0,QC,mobile
2034,C002034,personal,self_employed,0,106,84m+,low,0,118600.0,ON,branch
2035,C002035,personal,healthcare_worker,0,16,12-35m,low,0,56000.0,AB,mobile
2036,C002036,business,construction,0,102,84m+,low,0,567700.0,AB,mobile
2037,C002037,personal,public_sector,0,34,12-35m,low,0,31000.0,AB,online
2038,C002038,personal,student,0,25,12-35m,medium,0,53900.0,NS,branch
2039,C002039,personal,self_employed,0,4,00-11m,medium,0,66000.0,QC,mobile
2040,C002040,personal,public_sector,0,18,12-35m,low,0,82700.0,ON,online
2041,C002041,personal,salaried_employee,0,33,12-35m,low,0,46500.0,BC,branch
2042,C002042,personal,self_employed,0,31,12-35m,low,0,125700.0,ON,branch
2043,C002043,personal,salaried_employee,0,83,36-83m,low,0,100200.0,QC,branch
2044,C002044,personal,tradesperson,0,39,36-83m,low,0,73000.0,QC,broker
2045,C002045,personal,public_sector,0,38,36-83m,medium,0,208900.0,MB,online
2046,C002046,personal,tradesperson,0,84,84m+,low,0,91400.0,QC,branch
2047,C002047,personal,salaried_employee,0,47,36-83m,low,0,53100.0,BC,online
2048,C002048,business,auto_dealer,1,125,84m+,low,0,1060200.0,MB,branch
2049,C002049,personal,self_employed,0,20,12-35m,low,0,59600.0,MB,online
2050,C002050,personal,public_sector,0,41,36-83m,low,0,63300.0,BC,branch
2051,C002051,personal,retired,0,81,36-83m,low,0,82300.0,AB,branch
2052,C002052,business,restaurant,1,23,12-35m,low,0,1371900.0,ON,branch
2053,C002053,business,salon,1,111,84m+,low,0,268700.0,ON,branch
2054,C002054,business,import_export,0,40,36-83m,low,0,340600.0,ON,branch
2055,C002055,personal,public_sector,0,28,12-35m,low,0,42100.0,QC,mobile
2056,C002056,personal,self_employed,0,86,84m+,low,1,28200.0,ON,branch
2057,C002057,business,import_export,0,46,36-83m,high,0,81500.0,ON,online
2058,C002058,business,salon,1,108,84m+,medium,0,354200.0,BC,online
2059,C002059,personal,self_employed,0,19,12-35m,low,0,35000.0,AB,mobile
2060,C002060,personal,healthcare_worker,0,11,00-11m,low,0,55500.0,QC,online
2061,C002061,personal,public_sector,0,64,36-83m,low,0,49700.0,AB,branch
2062,C002062,business,auto_dealer,1,72,36-83m,low,0,38500.0,AB,online
2063,C002063,personal,student,0,13,12-35m,low,0,50000.0,BC,branch
2064,C002064,personal,healthcare_worker,0,43,36-83m,high,0,68900.0,ON,branch
2065,C002065,personal,self_employed,0,13,12-35m,low,0,61000.0,ON,online
2066,C002066,business,money_services,0,17,12-35m,high,0,386200.0,ON,broker
2067,C002067,personal,tradesperson,0,49,36-83m,low,0,29500.0,BC,mobile
2068,C002068,personal,student,0,42,36-83m,low,0,39400.0,ON,branch
2069,C002069,personal,student,0,65,36-83m,low,0,236000.0,BC,online
2070,C002070,personal,tradesperson,0,75,36-83m,low,0,85600.0,BC,broker
2071,C002071,personal,salaried_employee,0,21,12-35m,low,0,111600.0,ON,branch
2072,C002072,personal,student,0,43,36-83m,low,0,63300.0,BC,broker
2073,C002073,personal,tradesperson,0,66,36-83m,low,0,37000.0,ON,branch
2074,C002074,personal,tradesperson,0,59,36-83m,low,0,104000.0,QC,branch
2075,C002075,business,import_export,0,81,36-83m,low,0,304100.0,ON,branch
2076,C002076,personal,healthcare_worker,0,167,84m+,low,0,19300.0,ON,mobile
2077,C002077,personal,public_sector,0,119,84m+,low,0,90200.0,QC,branch
2078,C002078,personal,public_sector,0,7,00-11m,low,0,96900.0,ON,online
2079,C002079,personal,healthcare_worker,0,72,36-83m,low,0,133800.0,ON,online
2080,C002080,personal,tradesperson,0,102,84m+,medium,0,47600.0,QC,online
2081,C002081,business,restaurant,1,112,84m+,low,0,388400.0,ON,online
2082,C002082,personal,healthcare_worker,0,82,36-83m,high,0,41700.0,QC,mobile
2083,C002083,personal,public_sector,0,82,36-83m,low,0,77700.0,ON,branch
2084,C002084,personal,public_sector,0,45,36-83m,medium,0,32900.0,QC,branch
2085,C002085,personal,student,0,34,12-35m,low,0,48000.0,ON,online
2086,C002086,business,convenience_retail,1,44,36-83m,low,0,320000.0,ON,online
2087,C002087,personal,salaried_employee,0,145,84m+,low,0,41500.0,AB,online
2088,C002088,personal,public_sector,0,17,12-35m,medium,0,81000.0,ON,online
2089,C002089,personal,public_sector,0,22,12-35m,high,0,36500.0,QC,branch
2090,C002090,personal,retired,0,7,00-11m,low,0,51900.0,AB,mobile
2091,C002091,personal,salaried_employee,0,6,00-11m,low,0,89900.0,ON,branch
2092,C002092,business,construction,0,9,00-11m,low,0,389500.0,ON,mobile
2093,C002093,personal,self_employed,0,62,36-83m,medium,0,34400.0,AB,online
2094,C002094,personal,tradesperson,0,98,84m+,low,0,52500.0,NS,branch
2095,C002095,personal,tradesperson,0,114,84m+,low,0,80900.0,ON,branch
2096,C002096,business,logistics,0,46,36-83m,low,0,124500.0,QC,online
2097,C002097,personal,healthcare_worker,0,22,12-35m,low,0,38700.0,AB,branch
2098,C002098,business,construction,0,46,36-83m,low,0,312400.0,BC,online
2099,C002099,business,consulting,0,91,84m+,medium,0,88800.0,AB,branch
2100,C002100,personal,salaried_employee,0,52,36-83m,low,0,29100.0,ON,mobile
2101,C002101,personal,healthcare_worker,0,120,84m+,low,0,68000.0,QC,branch
2102,C002102,personal,salaried_employee,0,12,12-35m,medium,0,52000.0,QC,mobile
2103,C002103,personal,student,0,101,84m+,low,0,60300.0,BC,online
2104,C002104,personal,student,0,52,36-83m,high,0,74500.0,ON,branch
2105,C002105,personal,self_employed,0,70,36-83m,low,0,33300.0,BC,branch
2106,C002106,personal,salaried_employee,0,63,36-83m,low,0,82800.0,ON,branch
2107,C002107,personal,salaried_employee,0,153,84m+,low,0,79900.0,ON,online
2108,C002108,personal,retired,0,91,84m+,low,0,73300.0,NS,branch
2109,C002109,personal,salaried_employee,0,27,12-35m,medium,0,127800.0,NS,branch
2110,C002110,personal,retired,0,33,12-35m,low,0,57100.0,BC,branch
2111,C002111,personal,tradesperson,0,10,00-11m,medium,0,188800.0,QC,mobile
2112,C002112,personal,healthcare_worker,0,26,12-35m,medium,0,51300.0,QC,branch
2113,C002113,personal,salaried_employee,0,91,84m+,medium,0,17200.0,QC,mobile
2114,C002114,business,auto_dealer,1,68,36-83m,low,0,222400.0,ON,mobile
2115,C002115,personal,healthcare_worker,0,33,12-35m,low,0,60000.0,ON,mobile
2116,C002116,business,salon,1,16,12-35m,low,0,302300.0,NS,branch
2117,C002117,business,salon,1,94,84m+,low,0,883800.0,SK,branch
2118,C002118,personal,healthcare_worker,0,89,84m+,low,0,84800.0,ON,mobile
2119,C002119,personal,self_employed,0,60,36-83m,low,0,55400.0,ON,online
2120,C002120,personal,student,0,30,12-35m,high,0,97300.0,ON,broker
2121,C002121,personal,salaried_employee,0,70,36-83m,low,0,91800.0,ON,online
2122,C002122,personal,student,0,21,12-35m,low,0,65200.0,ON,broker
2123,C002123,personal,salaried_employee,0,19,12-35m,low,0,60200.0,ON,branch
2124,C002124,personal,student,0,38,36-83m,medium,0,30700.0,QC,branch
2125,C002125,personal,public_sector,0,48,36-83m,medium,0,30000.0,ON,mobile
2126,C002126,personal,student,0,46,36-83m,high,0,66500.0,NS,online
2127,C002127,personal,healthcare_worker,0,112,84m+,low,0,111300.0,BC,mobile
2128,C002128,personal,tradesperson,0,45,36-83m,high,0,61300.0,ON,mobile
2129,C002129,business,consulting,0,63,36-83m,medium,0,96600.0,AB,branch
2130,C002130,personal,student,0,88,84m+,low,0,99500.0,ON,online
2131,C002131,personal,retired,0,127,84m+,low,0,32100.0,ON,online
2132,C002132,personal,retired,0,51,36-83m,low,0,47500.0,MB,online
2133,C002133,personal,salaried_employee,0,54,36-83m,high,0,44300.0,AB,mobile
2134,C002134,personal,retired,0,31,12-35m,low,0,49800.0,QC,branch
2135,C002135,personal,salaried_employee,0,106,84m+,low,0,155800.0,QC,online
2136,C002136,business,convenience_retail,1,54,36-83m,low,0,85700.0,ON,branch
2137,C002137,personal,healthcare_worker,0,55,36-83m,low,0,48000.0,AB,online
2138,C002138,business,construction,0,69,36-83m,low,0,640100.0,ON,branch
2139,C002139,personal,self_employed,0,132,84m+,low,0,117800.0,QC,branch
2140,C002140,business,logistics,0,203,84m+,low,0,452500.0,BC,branch
2141,C002141,business,restaurant,1,78,36-83m,low,0,194700.0,ON,branch
2142,C002142,personal,tradesperson,0,101,84m+,low,0,71800.0,BC,online
2143,C002143,personal,retired,0,137,84m+,low,0,101400.0,ON,mobile
2144,C002144,business,restaurant,1,55,36-83m,low,0,228300.0,ON,branch
2145,C002145,personal,self_employed,0,84,84m+,low,0,58400.0,QC,branch
2146,C002146,personal,healthcare_worker,0,152,84m+,low,0,24400.0,BC,branch
2147,C002147,business,logistics,0,12,12-35m,low,0,217100.0,ON,mobile
2148,C002148,business,consulting,0,33,12-35m,low,0,442300.0,ON,mobile
2149,C002149,personal,self_employed,0,138,84m+,low,0,46200.0,BC,online
2150,C002150,personal,student,0,46,36-83m,low,0,34300.0,QC,mobile
2151,C002151,personal,retired,0,109,84m+,medium,0,35600.0,MB,online
2152,C002152,personal,salaried_employee,0,46,36-83m,low,0,30400.0,AB,mobile
2153,C002153,personal,retired,0,23,12-35m,low,0,72700.0,ON,branch
2154,C002154,business,money_services,0,30,12-35m,low,0,1329100.0,ON,branch
2155,C002155,personal,healthcare_worker,0,68,36-83m,low,0,55500.0,SK,mobile
2156,C002156,personal,salaried_employee,0,50,36-83m,high,0,157800.0,QC,branch
2157,C002157,business,consulting,0,77,36-83m,low,0,547700.0,ON,broker
2158,C002158,personal,self_employed,0,19,12-35m,medium,0,90700.0,QC,branch
2159,C002159,personal,tradesperson,0,16,12-35m,low,0,39000.0,QC,branch
2160,C002160,personal,salaried_employee,0,77,36-83m,low,0,25700.0,QC,branch
2161,C002161,personal,healthcare_worker,0,10,00-11m,low,0,53900.0,AB,mobile
2162,C002162,personal,salaried_employee,0,88,84m+,low,0,60400.0,SK,online
2163,C002163,personal,public_sector,0,69,36-83m,low,0,108600.0,ON,online
2164,C002164,personal,public_sector,0,107,84m+,low,0,92800.0,NS,mobile
2165,C002165,personal,salaried_employee,0,61,36-83m,low,0,67500.0,ON,online
2166,C002166,business,salon,1,44,36-83m,high,0,1120500.0,QC,online
2167,C002167,personal,tradesperson,0,85,84m+,low,0,74500.0,ON,mobile
2168,C002168,business,logistics,0,11,00-11m,low,0,628700.0,QC,branch
2169,C002169,personal,student,0,37,36-83m,low,0,63200.0,ON,online
2170,C002170,personal,salaried_employee,0,22,12-35m,low,0,71600.0,ON,mobile
2171,C002171,personal,student,0,16,12-35m,low,0,57200.0,BC,mobile
2172,C002172,personal,student,0,53,36-83m,low,0,54400.0,QC,online
2173,C002173,personal,tradesperson,0,66,36-83m,low,0,104600.0,NS,broker
2174,C002174,personal,healthcare_worker,0,30,12-35m,low,0,48100.0,QC,branch
2175,C002175,personal,healthcare_worker,0,58,36-83m,medium,0,53000.0,ON,mobile
2176,C002176,personal,self_employed,0,40,36-83m,low,0,38400.0,QC,broker
2177,C002177,personal,tradesperson,0,40,36-83m,low,0,27700.0,ON,branch
2178,C002178,personal,retired,0,75,36-83m,low,0,105000.0,QC,broker
2179,C002179,personal,self_employed,0,19,12-35m,low,0,23900.0,BC,branch
2180,C002180,personal,retired,0,91,84m+,high,0,33200.0,ON,online
2181,C002181,personal,retired,0,80,36-83m,low,0,54200.0,MB,mobile
2182,C002182,personal,self_employed,0,64,36-83m,low,0,50100.0,ON,mobile
2183,C002183,business,construction,0,26,12-35m,medium,0,331500.0,BC,online
2184,C002184,personal,self_employed,0,102,84m+,low,0,34000.0,QC,branch
2185,C002185,personal,salaried_employee,0,22,12-35m,low,0,40700.0,BC,online
2186,C002186,personal,healthcare_worker,0,51,36-83m,low,0,50400.0,NS,branch
2187,C002187,personal,public_sector,0,30,12-35m,low,0,80700.0,QC,branch
2188,C002188,personal,student,0,53,36-83m,low,0,34500.0,QC,online
2189,C002189,personal,retired,0,79,36-83m,low,0,45800.0,MB,branch
2190,C002190,personal,salaried_employee,0,222,84m+,low,0,43200.0,QC,branch
2191,C002191,personal,healthcare_worker,0,32,12-35m,medium,0,32900.0,ON,branch
2192,C002192,personal,salaried_employee,0,56,36-83m,medium,0,70400.0,BC,mobile
2193,C002193,personal,student,0,24,12-35m,low,0,53000.0,NS,branch
2194,C002194,personal,tradesperson,0,78,36-83m,low,0,39600.0,ON,online
2195,C002195,personal,tradesperson,0,34,12-35m,low,0,34800.0,ON,online
2196,C002196,personal,student,0,77,36-83m,low,0,78800.0,ON,online
2197,C002197,business,construction,0,42,36-83m,medium,0,1444900.0,ON,online
2198,C002198,personal,student,0,52,36-83m,low,0,60000.0,ON,branch
2199,C002199,personal,retired,0,97,84m+,low,0,46500.0,SK,branch
2200,C002200,personal,tradesperson,0,23,12-35m,low,0,173000.0,ON,branch
2201,C002201,personal,healthcare_worker,0,154,84m+,low,0,82800.0,QC,broker
2202,C002202,business,auto_dealer,1,48,36-83m,low,0,1144900.0,ON,mobile
2203,C002203,personal,student,0,97,84m+,low,0,87200.0,MB,branch
2204,C002204,personal,public_sector,0,29,12-35m,low,0,41100.0,QC,branch
2205,C002205,personal,salaried_employee,0,44,36-83m,low,0,60300.0,ON,online
2206,C002206,personal,retired,0,101,84m+,low,0,75300.0,ON,online
2207,C002207,personal,student,0,49,36-83m,medium,0,42700.0,ON,online
2208,C002208,personal,public_sector,0,19,12-35m,low,0,66800.0,ON,mobile
2209,C002209,business,consulting,0,49,36-83m,low,0,419200.0,AB,branch
2210,C002210,personal,salaried_employee,0,33,12-35m,low,0,62000.0,SK,online
2211,C002211,business,salon,1,139,84m+,low,0,222400.0,QC,mobile
2212,C002212,personal,public_sector,0,40,36-83m,medium,0,70600.0,ON,mobile
2213,C002213,personal,student,0,41,36-83m,low,0,56700.0,ON,online
2214,C002214,personal,retired,0,82,36-83m,low,0,35200.0,MB,mobile
2215,C002215,personal,retired,0,44,36-83m,medium,0,49900.0,BC,online
2216,C002216,business,restaurant,1,35,12-35m,low,0,288500.0,ON,online
2217,C002217,business,import_export,0,129,84m+,low,0,98600.0,ON,branch
2218,C002218,business,construction,0,155,84m+,low,0,380600.0,ON,branch
2219,C002219,personal,student,0,13,12-35m,low,0,206500.0,ON,mobile
2220,C002220,personal,healthcare_worker,0,14,12-35m,medium,0,56500.0,ON,mobile
2221,C002221,business,money_services,0,13,12-35m,low,0,130800.0,QC,branch
2222,C002222,personal,retired,0,118,84m+,low,0,72600.0,BC,branch
2223,C002223,personal,healthcare_worker,0,3,00-11m,low,0,50100.0,QC,mobile
2224,C002224,personal,healthcare_worker,0,37,36-83m,high,0,53900.0,QC,broker
2225,C002225,personal,salaried_employee,0,95,84m+,medium,0,61400.0,QC,online
2226,C002226,personal,student,0,25,12-35m,low,0,60200.0,MB,mobile
2227,C002227,personal,public_sector,0,100,84m+,low,0,53500.0,QC,branch
2228,C002228,personal,salaried_employee,0,12,12-35m,low,0,68100.0,QC,online
2229,C002229,business,logistics,0,51,36-83m,medium,0,140500.0,ON,branch
2230,C002230,personal,student,0,36,36-83m,medium,0,77400.0,QC,branch
2231,C002231,personal,healthcare_worker,0,19,12-35m,low,0,58900.0,AB,branch
2232,C002232,personal,self_employed,0,66,36-83m,medium,0,53800.0,ON,mobile
2233,C002233,personal,student,0,29,12-35m,low,0,72900.0,AB,branch
2234,C002234,business,import_export,0,41,36-83m,medium,0,356000.0,QC,mobile
2235,C002235,business,salon,1,54,36-83m,medium,0,1579900.0,SK,online
2236,C002236,personal,student,0,4,00-11m,low,0,31300.0,ON,mobile
2237,C002237,personal,retired,0,63,36-83m,medium,0,57400.0,BC,online
2238,C002238,business,restaurant,1,6,00-11m,medium,0,178800.0,BC,branch
2239,C002239,business,import_export,0,96,84m+,medium,0,939200.0,AB,online
2240,C002240,personal,tradesperson,0,100,84m+,medium,0,48400.0,ON,online
2241,C002241,personal,retired,0,92,84m+,low,0,68900.0,BC,mobile
2242,C002242,personal,public_sector,0,61,36-83m,medium,0,52000.0,ON,branch
2243,C002243,business,consulting,0,179,84m+,low,0,531200.0,ON,online
2244,C002244,personal,tradesperson,0,117,84m+,low,0,104800.0,ON,mobile
2245,C002245,personal,student,0,84,84m+,low,0,36800.0,BC,mobile
2246,C002246,business,construction,0,98,84m+,low,0,137200.0,QC,branch
2247,C002247,business,construction,0,88,84m+,low,0,522100.0,QC,mobile
2248,C002248,personal,retired,0,189,84m+,medium,0,78000.0,QC,branch
2249,C002249,personal,self_employed,0,53,36-83m,low,0,42000.0,QC,online
2250,C002250,personal,public_sector,0,45,36-83m,low,0,93600.0,QC,online
2251,C002251,personal,salaried_employee,0,11,00-11m,low,1,20800.0,BC,branch
2252,C002252,personal,tradesperson,0,17,12-35m,low,0,37000.0,BC,online
2253,C002253,business,logistics,0,68,36-83m,low,0,431000.0,QC,online
2254,C002254,personal,healthcare_worker,0,59,36-83m,low,0,104600.0,AB,online
2255,C002255,personal,self_employed,0,45,36-83m,low,0,66300.0,ON,branch
2256,C002256,personal,salaried_employee,0,31,12-35m,low,0,34700.0,BC,branch
2257,C002257,personal,self_employed,0,28,12-35m,low,1,84100.0,ON,branch
2258,C002258,personal,public_sector,0,111,84m+,low,0,37800.0,ON,online
2259,C002259,personal,salaried_employee,0,3,00-11m,low,0,47000.0,BC,branch
2260,C002260,personal,student,0,14,12-35m,medium,0,108700.0,ON,broker
2261,C002261,personal,public_sector,0,189,84m+,low,0,64200.0,ON,mobile
2262,C002262,business,salon,1,26,12-35m,low,0,300100.0,ON,online
2263,C002263,personal,retired,0,6,00-11m,low,0,58300.0,ON,branch
2264,C002264,personal,tradesperson,0,16,12-35m,low,0,54700.0,ON,broker
2265,C002265,personal,tradesperson,0,24,12-35m,low,0,61400.0,ON,mobile
2266,C002266,personal,salaried_employee,0,47,36-83m,medium,0,115200.0,QC,branch
2267,C002267,personal,student,0,49,36-83m,medium,0,93000.0,AB,online
2268,C002268,personal,tradesperson,0,141,84m+,high,0,46500.0,BC,branch
2269,C002269,personal,salaried_employee,0,35,12-35m,low,0,45600.0,ON,mobile
2270,C002270,personal,salaried_employee,0,61,36-83m,low,0,92800.0,BC,mobile
2271,C002271,personal,healthcare_worker,0,82,36-83m,low,0,61500.0,ON,branch
2272,C002272,business,import_export,0,48,36-83m,high,0,95200.0,BC,broker
2273,C002273,personal,self_employed,0,104,84m+,low,0,29600.0,BC,online
2274,C002274,personal,healthcare_worker,0,45,36-83m,medium,0,29400.0,ON,branch
2275,C002275,business,consulting,0,39,36-83m,low,0,373400.0,ON,branch
2276,C002276,personal,self_employed,0,28,12-35m,low,0,78600.0,QC,branch
2277,C002277,business,logistics,0,96,84m+,low,0,95400.0,ON,mobile
2278,C002278,personal,self_employed,0,113,84m+,low,0,115900.0,ON,online
2279,C002279,business,import_export,0,72,36-83m,low,0,1763300.0,QC,mobile
2280,C002280,personal,retired,0,16,12-35m,medium,0,137900.0,MB,online
2281,C002281,personal,self_employed,0,12,12-35m,medium,0,40800.0,ON,online
2282,C002282,personal,healthcare_worker,0,45,36-83m,low,0,106500.0,BC,branch
2283,C002283,personal,self_employed,0,27,12-35m,medium,0,59300.0,BC,mobile
2284,C002284,personal,student,0,40,36-83m,low,0,29200.0,ON,broker
2285,C002285,personal,student,0,71,36-83m,low,0,214400.0,MB,broker
2286,C002286,business,logistics,0,18,12-35m,low,0,263600.0,ON,branch
2287,C002287,personal,tradesperson,0,72,36-83m,low,0,75900.0,MB,branch
2288,C002288,business,money_services,0,26,12-35m,low,0,296900.0,ON,mobile
2289,C002289,personal,tradesperson,0,46,36-83m,low,0,40000.0,QC,online
2290,C002290,personal,healthcare_worker,0,39,36-83m,low,0,23200.0,NS,online
2291,C002291,personal,retired,0,31,12-35m,medium,0,45700.0,BC,online
2292,C002292,personal,self_employed,0,14,12-35m,low,0,30600.0,BC,branch
2293,C002293,personal,healthcare_worker,0,96,84m+,medium,0,83400.0,ON,online
2294,C002294,personal,public_sector,0,65,36-83m,low,0,119500.0,ON,branch
2295,C002295,personal,self_employed,0,56,36-83m,medium,0,85100.0,ON,online
2296,C002296,business,consulting,0,33,12-35m,low,0,163800.0,BC,branch
2297,C002297,personal,tradesperson,0,69,36-83m,low,0,31000.0,ON,branch
2298,C002298,personal,student,0,130,84m+,medium,0,23000.0,ON,branch
2299,C002299,personal,public_sector,0,27,12-35m,medium,0,30300.0,QC,branch
2300,C002300,personal,retired,0,58,36-83m,low,0,51900.0,NS,online
2301,C002301,personal,retired,0,42,36-83m,low,0,51700.0,BC,branch
2302,C002302,personal,healthcare_worker,0,47,36-83m,low,0,37200.0,QC,mobile
2303,C002303,personal,retired,0,29,12-35m,medium,0,58200.0,AB,mobile
2304,C002304,business,construction,0,35,12-35m,low,1,955700.0,QC,branch
2305,C002305,personal,public_sector,0,85,84m+,low,0,255700.0,BC,mobile
2306,C002306,personal,self_employed,0,21,12-35m,medium,0,65600.0,MB,mobile
2307,C002307,personal,salaried_employee,0,144,84m+,low,0,93700.0,ON,mobile
2308,C002308,personal,public_sector,0,166,84m+,low,0,63600.0,BC,online
2309,C002309,personal,healthcare_worker,0,54,36-83m,low,0,61900.0,BC,branch
2310,C002310,personal,student,0,35,12-35m,low,0,81200.0,SK,online
2311,C002311,personal,self_employed,0,209,84m+,low,0,97300.0,ON,online
2312,C002312,personal,student,0,51,36-83m,low,0,74900.0,MB,online
2313,C002313,personal,retired,0,144,84m+,low,0,36600.0,QC,branch
2314,C002314,personal,salaried_employee,0,24,12-35m,low,0,77100.0,AB,mobile
2315,C002315,personal,public_sector,0,62,36-83m,low,1,34600.0,ON,online
2316,C002316,personal,tradesperson,0,79,36-83m,low,0,48100.0,ON,branch
2317,C002317,personal,salaried_employee,0,35,12-35m,low,0,29800.0,QC,branch
2318,C002318,business,auto_dealer,1,91,84m+,low,0,913700.0,QC,mobile
2319,C002319,personal,retired,0,44,36-83m,low,0,42900.0,MB,branch
2320,C002320,personal,self_employed,0,94,84m+,medium,0,19600.0,QC,branch
2321,C002321,personal,retired,0,59,36-83m,low,0,26300.0,AB,online
2322,C002322,business,convenience_retail,1,29,12-35m,low,0,356000.0,ON,branch
2323,C002323,business,consulting,0,24,12-35m,low,0,324800.0,BC,branch
2324,C002324,personal,public_sector,0,41,36-83m,low,0,78400.0,QC,branch
2325,C002325,business,money_services,0,90,84m+,medium,0,611200.0,ON,online
2326,C002326,personal,salaried_employee,0,47,36-83m,medium,0,83900.0,AB,branch
2327,C002327,personal,healthcare_worker,0,79,36-83m,low,0,45200.0,BC,branch
2328,C002328,personal,tradesperson,0,55,36-83m,medium,0,26100.0,ON,branch
2329,C002329,personal,self_employed,0,54,36-83m,medium,0,44700.0,ON,online
2330,C002330,personal,tradesperson,0,13,12-35m,low,0,59600.0,BC,mobile
2331,C002331,business,construction,0,76,36-83m,low,0,129900.0,QC,branch
2332,C002332,personal,salaried_employee,0,34,12-35m,low,0,71900.0,NS,online
2333,C002333,personal,tradesperson,0,15,12-35m,medium,0,83500.0,BC,online
2334,C002334,personal,retired,0,44,36-83m,low,1,66100.0,BC,branch
2335,C002335,personal,healthcare_worker,0,109,84m+,low,0,63700.0,ON,branch
2336,C002336,personal,retired,0,26,12-35m,low,0,163000.0,ON,mobile
2337,C002337,personal,healthcare_worker,0,53,36-83m,low,0,179000.0,BC,online
2338,C002338,personal,salaried_employee,0,37,36-83m,low,0,55900.0,QC,branch
2339,C002339,personal,retired,0,31,12-35m,low,0,56600.0,ON,mobile
2340,C002340,business,import_export,0,46,36-83m,low,0,95100.0,ON,online
2341,C002341,business,logistics,0,137,84m+,low,0,174200.0,ON,online
2342,C002342,personal,salaried_employee,0,170,84m+,medium,0,150800.0,ON,broker
2343,C002343,personal,salaried_employee,0,35,12-35m,high,0,17700.0,ON,branch
2344,C002344,personal,healthcare_worker,0,60,36-83m,low,0,97900.0,SK,broker
2345,C002345,personal,public_sector,0,111,84m+,low,0,22500.0,BC,branch
2346,C002346,personal,student,0,218,84m+,low,0,47200.0,ON,branch
2347,C002347,business,auto_dealer,1,41,36-83m,low,0,113300.0,ON,mobile
2348,C002348,business,import_export,0,78,36-83m,medium,0,252100.0,BC,branch
2349,C002349,personal,salaried_employee,0,109,84m+,medium,0,93600.0,MB,mobile
2350,C002350,personal,public_sector,0,17,12-35m,low,0,110900.0,AB,branch
2351,C002351,business,convenience_retail,1,13,12-35m,low,0,35800.0,ON,online
2352,C002352,business,consulting,0,98,84m+,medium,0,115900.0,AB,branch
2353,C002353,business,import_export,0,25,12-35m,low,0,214900.0,ON,branch
2354,C002354,personal,public_sector,0,31,12-35m,medium,0,98400.0,ON,online
2355,C002355,business,convenience_retail,1,18,12-35m,low,0,1608700.0,ON,branch
2356,C002356,personal,student,0,45,36-83m,high,0,14800.0,AB,mobile
2357,C002357,business,money_services,0,76,36-83m,low,0,195900.0,QC,branch
2358,C002358,business,salon,1,21,12-35m,low,0,322800.0,BC,mobile
2359,C002359,personal,salaried_employee,0,10,00-11m,low,0,21500.0,SK,branch
2360,C002360,personal,retired,0,85,84m+,low,0,55300.0,ON,branch
2361,C002361,personal,tradesperson,0,77,36-83m,low,0,35800.0,ON,mobile
2362,C002362,personal,student,0,28,12-35m,low,0,85700.0,QC,online
2363,C002363,personal,self_employed,0,32,12-35m,low,0,107600.0,AB,branch
2364,C002364,personal,self_employed,0,181,84m+,low,0,106000.0,ON,branch
2365,C002365,business,salon,1,101,84m+,high,0,1428100.0,AB,broker
2366,C002366,personal,student,0,24,12-35m,low,0,100600.0,ON,branch
2367,C002367,personal,public_sector,0,140,84m+,low,0,77000.0,ON,branch
2368,C002368,personal,student,0,54,36-83m,low,0,221700.0,ON,online
2369,C002369,personal,tradesperson,0,47,36-83m,medium,0,69300.0,QC,branch
2370,C002370,business,import_export,0,10,00-11m,low,0,59700.0,BC,branch
2371,C002371,personal,healthcare_worker,0,37,36-83m,medium,0,21600.0,ON,branch
2372,C002372,personal,salaried_employee,0,121,84m+,low,0,98900.0,AB,mobile
2373,C002373,business,import_export,0,76,36-83m,low,0,637400.0,AB,branch
2374,C002374,business,logistics,0,115,84m+,low,0,100700.0,BC,mobile
2375,C002375,business,convenience_retail,1,90,84m+,medium,0,77600.0,AB,mobile
2376,C002376,personal,tradesperson,0,145,84m+,low,0,40000.0,NS,branch
2377,C002377,business,salon,1,50,36-83m,low,0,410000.0,QC,online
2378,C002378,personal,student,0,4,00-11m,low,0,65800.0,QC,branch
2379,C002379,personal,self_employed,0,58,36-83m,low,0,76600.0,ON,mobile
2380,C002380,business,construction,0,33,12-35m,low,0,445700.0,ON,broker
2381,C002381,business,auto_dealer,1,82,36-83m,low,0,320300.0,QC,branch
2382,C002382,personal,tradesperson,0,103,84m+,low,0,30700.0,ON,mobile
2383,C002383,personal,salaried_employee,0,22,12-35m,medium,0,36200.0,BC,mobile
2384,C002384,personal,tradesperson,0,57,36-83m,low,0,46100.0,AB,online
2385,C002385,personal,healthcare_worker,0,40,36-83m,low,0,76500.0,BC,online
2386,C002386,personal,retired,0,105,84m+,medium,0,64000.0,ON,mobile
2387,C002387,personal,public_sector,0,58,36-83m,high,0,40700.0,ON,branch
2388,C002388,personal,public_sector,0,24,12-35m,low,0,51800.0,QC,online
2389,C002389,personal,self_employed,0,48,36-83m,medium,0,55500.0,QC,mobile
2390,C002390,business,money_services,0,16,12-35m,low,0,439800.0,ON,online
2391,C002391,personal,student,0,98,84m+,low,0,125000.0,MB,branch
2392,C002392,personal,student,0,58,36-83m,low,0,135700.0,BC,broker
2393,C002393,personal,tradesperson,0,12,12-35m,medium,0,38800.0,ON,online
2394,C002394,business,construction,0,26,12-35m,low,0,361700.0,AB,online
2395,C002395,personal,student,0,67,36-83m,medium,0,14700.0,NS,branch
2396,C002396,personal,public_sector,0,56,36-83m,low,0,87700.0,AB,branch
2397,C002397,personal,tradesperson,0,35,12-35m,low,1,48400.0,BC,branch
2398,C002398,personal,healthcare_worker,0,31,12-35m,low,0,74600.0,BC,online
2399,C002399,personal,public_sector,0,21,12-35m,low,0,37900.0,ON,branch
2400,C002400,personal,student,0,143,84m+,medium,0,17800.0,AB,online
2401,C002401,personal,public_sector,0,98,84m+,low,0,56400.0,AB,online
2402,C002402,personal,self_employed,0,64,36-83m,low,0,52300.0,ON,online
2403,C002403,business,consulting,0,33,12-35m,low,0,486900.0,ON,branch
2404,C002404,business,consulting,0,79,36-83m,low,0,216100.0,ON,mobile
2405,C002405,personal,self_employed,0,84,84m+,low,0,118600.0,BC,broker
2406,C002406,personal,public_sector,0,156,84m+,low,0,23700.0,ON,branch
2407,C002407,business,consulting,0,86,84m+,low,0,277300.0,ON,online
2408,C002408,personal,self_employed,0,108,84m+,low,0,51400.0,BC,branch
2409,C002409,personal,student,0,35,12-35m,medium,0,95200.0,QC,mobile
2410,C002410,personal,student,0,50,36-83m,low,0,94600.0,BC,online
2411,C002411,business,auto_dealer,1,97,84m+,low,0,172300.0,QC,online
2412,C002412,business,salon,1,90,84m+,low,0,192000.0,ON,online
2413,C002413,personal,tradesperson,0,24,12-35m,high,0,12600.0,AB,online
2414,C002414,personal,salaried_employee,0,75,36-83m,low,0,50200.0,ON,branch
2415,C002415,personal,retired,0,100,84m+,low,0,44300.0,ON,branch
2416,C002416,personal,student,0,75,36-83m,low,0,67400.0,AB,branch
2417,C002417,personal,public_sector,0,40,36-83m,medium,0,49900.0,QC,mobile
2418,C002418,business,salon,1,47,36-83m,low,0,793700.0,AB,mobile
2419,C002419,personal,public_sector,0,47,36-83m,low,0,51100.0,ON,online
2420,C002420,personal,public_sector,0,29,12-35m,low,0,37500.0,QC,mobile
2421,C002421,personal,self_employed,0,23,12-35m,low,0,38800.0,ON,online
2422,C002422,personal,public_sector,0,92,84m+,high,0,51900.0,ON,branch
2423,C002423,business,auto_dealer,1,21,12-35m,low,0,115500.0,AB,mobile
2424,C002424,personal,tradesperson,0,33,12-35m,high,0,40900.0,BC,mobile
2425,C002425,personal,healthcare_worker,0,29,12-35m,low,0,68000.0,ON,online
2426,C002426,personal,self_employed,0,197,84m+,medium,0,32300.0,ON,mobile
2427,C002427,business,logistics,0,47,36-83m,medium,0,189500.0,ON,mobile
2428,C002428,business,restaurant,1,85,84m+,high,0,284700.0,ON,branch
2429,C002429,personal,tradesperson,0,60,36-83m,low,0,101400.0,ON,mobile
2430,C002430,personal,public_sector,0,56,36-83m,low,0,75600.0,BC,branch
2431,C002431,personal,salaried_employee,0,53,36-83m,medium,0,23100.0,ON,mobile
2432,C002432,business,money_services,0,60,36-83m,low,0,651200.0,ON,branch
2433,C002433,business,convenience_retail,1,35,12-35m,low,0,97500.0,QC,online
2434,C002434,personal,healthcare_worker,0,45,36-83m,low,0,93200.0,BC,branch
2435,C002435,business,logistics,0,76,36-83m,low,0,304400.0,ON,branch
2436,C002436,personal,self_employed,0,22,12-35m,high,0,101400.0,BC,online
2437,C002437,business,money_services,0,93,84m+,low,0,134700.0,QC,branch
2438,C002438,personal,self_employed,0,93,84m+,low,0,35300.0,BC,online
2439,C002439,personal,retired,0,10,00-11m,low,0,49700.0,AB,mobile
2440,C002440,personal,tradesperson,0,11,00-11m,high,0,49300.0,ON,broker
2441,C002441,business,salon,1,67,36-83m,medium,0,695800.0,BC,mobile
2442,C002442,personal,self_employed,0,101,84m+,low,0,61900.0,ON,broker
2443,C002443,personal,public_sector,0,88,84m+,low,0,51800.0,AB,mobile
2444,C002444,personal,salaried_employee,0,33,12-35m,low,0,53400.0,AB,online
2445,C002445,personal,public_sector,0,45,36-83m,low,0,90200.0,AB,online
2446,C002446,personal,tradesperson,0,57,36-83m,low,0,32100.0,ON,mobile
2447,C002447,personal,retired,0,55,36-83m,medium,0,138100.0,QC,broker
2448,C002448,personal,salaried_employee,0,9,00-11m,low,0,81400.0,AB,mobile
2449,C002449,personal,self_employed,0,28,12-35m,medium,0,40100.0,ON,online
2450,C002450,personal,self_employed,0,38,36-83m,low,0,165200.0,QC,mobile
2451,C002451,personal,self_employed,0,53,36-83m,medium,0,161600.0,AB,mobile
2452,C002452,personal,healthcare_worker,0,33,12-35m,low,0,102600.0,AB,branch
2453,C002453,personal,salaried_employee,0,109,84m+,low,0,170700.0,QC,branch
2454,C002454,business,consulting,0,140,84m+,medium,0,469400.0,MB,mobile
2455,C002455,personal,student,0,88,84m+,medium,0,20700.0,ON,branch
2456,C002456,personal,salaried_employee,0,196,84m+,low,0,26900.0,ON,mobile
2457,C002457,personal,public_sector,0,36,36-83m,low,0,84700.0,ON,broker
2458,C002458,personal,healthcare_worker,0,11,00-11m,low,0,38800.0,QC,branch
2459,C002459,personal,retired,0,118,84m+,low,0,48600.0,QC,mobile
2460,C002460,personal,salaried_employee,0,29,12-35m,low,0,43400.0,ON,branch
2461,C002461,business,money_services,0,90,84m+,low,0,857200.0,QC,mobile
2462,C002462,personal,tradesperson,0,77,36-83m,low,0,59200.0,ON,mobile
2463,C002463,personal,student,0,30,12-35m,low,0,85700.0,ON,branch
2464,C002464,personal,self_employed,0,9,00-11m,low,0,56800.0,QC,mobile
2465,C002465,personal,retired,0,136,84m+,medium,0,119600.0,ON,branch
2466,C002466,business,salon,1,44,36-83m,low,0,243300.0,ON,online
2467,C002467,business,consulting,0,76,36-83m,low,0,215200.0,SK,online
2468,C002468,personal,public_sector,0,20,12-35m,low,0,42000.0,AB,online
2469,C002469,personal,retired,0,41,36-83m,low,0,51800.0,NS,branch
2470,C002470,personal,healthcare_worker,0,76,36-83m,low,0,39700.0,ON,branch
2471,C002471,personal,student,0,77,36-83m,low,0,45200.0,AB,mobile
2472,C002472,business,auto_dealer,1,100,84m+,medium,0,206400.0,BC,branch
2473,C002473,personal,healthcare_worker,0,75,36-83m,low,0,71100.0,QC,branch
2474,C002474,business,salon,1,27,12-35m,medium,0,269700.0,BC,online
2475,C002475,business,salon,1,52,36-83m,low,0,1823600.0,ON,broker
2476,C002476,personal,self_employed,0,68,36-83m,low,0,70800.0,ON,online
2477,C002477,business,logistics,0,82,36-83m,low,0,104400.0,BC,broker
2478,C002478,personal,healthcare_worker,0,81,36-83m,low,0,69900.0,QC,online
2479,C002479,personal,public_sector,0,90,84m+,high,0,462600.0,AB,online
2480,C002480,personal,student,0,31,12-35m,low,0,104600.0,AB,branch
2481,C002481,personal,salaried_employee,0,203,84m+,low,0,92200.0,NS,broker
2482,C002482,personal,self_employed,0,10,00-11m,low,0,104500.0,MB,online
2483,C002483,personal,student,0,37,36-83m,low,0,30000.0,QC,branch
2484,C002484,personal,student,0,13,12-35m,low,0,64300.0,QC,branch
2485,C002485,personal,self_employed,0,147,84m+,medium,0,49300.0,QC,online
2486,C002486,personal,public_sector,0,2,00-11m,low,0,66400.0,BC,branch
2487,C002487,business,money_services,0,94,84m+,low,0,254000.0,QC,mobile
2488,C002488,business,auto_dealer,1,75,36-83m,low,0,586600.0,ON,broker
2489,C002489,personal,salaried_employee,0,95,84m+,medium,0,109600.0,MB,branch
2490,C002490,personal,self_employed,0,37,36-83m,low,0,70600.0,SK,mobile
2491,C002491,personal,public_sector,0,65,36-83m,low,0,53600.0,QC,branch
2492,C002492,personal,healthcare_worker,0,87,84m+,low,0,152500.0,QC,online
2493,C002493,personal,self_employed,0,27,12-35m,low,0,86400.0,ON,online
2494,C002494,personal,healthcare_worker,0,56,36-83m,low,0,33300.0,QC,mobile
2495,C002495,personal,healthcare_worker,0,87,84m+,low,0,97200.0,QC,branch
2496,C002496,personal,tradesperson,0,59,36-83m,low,0,108000.0,AB,branch
2497,C002497,personal,self_employed,0,70,36-83m,low,0,59300.0,QC,branch
2498,C002498,personal,salaried_employee,0,47,36-83m,low,0,63900.0,ON,mobile
2499,C002499,personal,public_sector,0,10,00-11m,low,0,42200.0,ON,broker
2500,C002500,business,auto_dealer,1,90,84m+,low,0,1299600.0,QC,branch
2501,C002501,personal,tradesperson,0,59,36-83m,low,0,41900.0,SK,broker
2502,C002502,personal,healthcare_worker,0,77,36-83m,low,0,42900.0,QC,branch
2503,C002503,personal,public_sector,0,57,36-83m,low,0,76500.0,QC,mobile
2504,C002504,business,money_services,0,187,84m+,low,0,1324800.0,ON,online
2505,C002505,personal,self_employed,0,23,12-35m,low,0,60200.0,QC,branch
2506,C002506,personal,healthcare_worker,0,62,36-83m,high,0,16000.0,NS,online
2507,C002507,personal,healthcare_worker,0,27,12-35m,low,0,241800.0,ON,online
2508,C002508,business,convenience_retail,1,68,36-83m,low,0,87900.0,ON,branch
2509,C002509,personal,retired,0,12,12-35m,low,0,126200.0,ON,branch
2510,C002510,business,auto_dealer,1,89,84m+,low,0,198500.0,ON,online
2511,C002511,personal,self_employed,0,43,36-83m,medium,0,49900.0,ON,branch
2512,C002512,personal,retired,0,30,12-35m,low,0,49100.0,AB,online
2513,C002513,personal,student,0,137,84m+,low,0,39900.0,ON,online
2514,C002514,personal,student,0,129,84m+,low,0,95200.0,BC,branch
2515,C002515,personal,self_employed,0,60,36-83m,low,0,40000.0,BC,branch
2516,C002516,personal,self_employed,0,99,84m+,low,0,52900.0,QC,mobile
2517,C002517,personal,tradesperson,0,161,84m+,low,0,39600.0,MB,broker
2518,C002518,business,import_export,0,105,84m+,medium,0,563700.0,AB,mobile
2519,C002519,personal,healthcare_worker,0,27,12-35m,medium,0,36700.0,ON,mobile
2520,C002520,personal,student,0,16,12-35m,medium,0,33400.0,ON,online
2521,C002521,personal,healthcare_worker,0,11,00-11m,low,0,219100.0,BC,branch
2522,C002522,personal,self_employed,0,70,36-83m,low,0,80200.0,AB,mobile
2523,C002523,personal,student,0,16,12-35m,low,0,60600.0,MB,mobile
2524,C002524,personal,self_employed,0,42,36-83m,medium,0,61600.0,AB,mobile
2525,C002525,business,import_export,0,48,36-83m,low,0,680300.0,ON,broker
2526,C002526,personal,tradesperson,0,92,84m+,low,0,24100.0,ON,mobile
2527,C002527,personal,public_sector,0,6,00-11m,low,0,12900.0,ON,branch
2528,C002528,business,consulting,0,15,12-35m,low,0,542400.0,BC,branch
2529,C002529,personal,retired,0,82,36-83m,medium,0,93900.0,QC,branch
2530,C002530,personal,student,0,97,84m+,high,0,112500.0,ON,mobile
2531,C002531,business,salon,1,69,36-83m,low,0,272200.0,ON,branch
2532,C002532,personal,retired,0,13,12-35m,medium,0,44000.0,ON,online
2533,C002533,personal,salaried_employee,0,17,12-35m,low,0,35000.0,ON,online
2534,C002534,personal,student,0,75,36-83m,medium,0,39900.0,ON,online
2535,C002535,personal,public_sector,0,41,36-83m,low,0,110300.0,QC,branch
2536,C002536,personal,retired,0,23,12-35m,low,0,48200.0,ON,branch
2537,C002537,personal,tradesperson,0,20,12-35m,low,0,36900.0,ON,online
2538,C002538,business,restaurant,1,70,36-83m,low,0,104000.0,QC,online
2539,C002539,personal,public_sector,0,130,84m+,low,0,16000.0,AB,mobile
2540,C002540,personal,tradesperson,0,71,36-83m,medium,0,35200.0,AB,branch
2541,C002541,business,auto_dealer,1,74,36-83m,low,0,385200.0,NS,mobile
2542,C002542,business,money_services,0,110,84m+,low,0,435500.0,BC,mobile
2543,C002543,personal,retired,0,64,36-83m,low,0,45500.0,ON,online
2544,C002544,business,salon,1,45,36-83m,low,0,640500.0,AB,mobile
2545,C002545,personal,retired,0,71,36-83m,low,0,103900.0,AB,branch
2546,C002546,business,money_services,0,68,36-83m,low,0,342100.0,ON,mobile
2547,C002547,personal,salaried_employee,0,51,36-83m,medium,0,63600.0,ON,mobile
2548,C002548,personal,public_sector,0,38,36-83m,medium,0,15300.0,BC,mobile
2549,C002549,personal,retired,0,3,00-11m,medium,0,16600.0,QC,online
2550,C002550,personal,salaried_employee,0,91,84m+,low,0,33600.0,ON,branch
2551,C002551,business,import_export,0,66,36-83m,low,0,284500.0,AB,mobile
2552,C002552,business,restaurant,1,72,36-83m,low,0,267900.0,AB,mobile
2553,C002553,business,consulting,0,21,12-35m,low,0,169500.0,AB,online
2554,C002554,business,restaurant,1,65,36-83m,low,0,198100.0,ON,online
2555,C002555,personal,tradesperson,0,28,12-35m,medium,0,30300.0,QC,online
2556,C002556,business,restaurant,1,149,84m+,low,0,136700.0,ON,mobile
2557,C002557,personal,student,0,51,36-83m,low,0,40300.0,ON,branch
2558,C002558,business,auto_dealer,1,83,36-83m,low,0,665000.0,ON,online
2559,C002559,business,construction,0,45,36-83m,medium,0,511000.0,ON,branch
2560,C002560,personal,healthcare_worker,0,33,12-35m,medium,0,120000.0,QC,mobile
2561,C002561,business,consulting,0,58,36-83m,medium,0,205100.0,NS,online
2562,C002562,personal,retired,0,39,36-83m,low,0,40400.0,BC,online
2563,C002563,personal,salaried_employee,0,63,36-83m,low,0,98300.0,ON,mobile
2564,C002564,personal,public_sector,0,3,00-11m,low,0,119800.0,NS,branch
2565,C002565,personal,self_employed,0,67,36-83m,low,0,57000.0,AB,branch
2566,C002566,business,construction,0,81,36-83m,low,0,606400.0,ON,branch
2567,C002567,personal,student,0,96,84m+,low,0,36800.0,QC,branch
2568,C002568,personal,self_employed,0,20,12-35m,medium,0,154600.0,AB,branch
2569,C002569,personal,self_employed,0,13,12-35m,low,0,23400.0,ON,broker
2570,C002570,personal,salaried_employee,0,89,84m+,low,0,165800.0,ON,branch
2571,C002571,personal,retired,0,9,00-11m,low,0,48500.0,ON,mobile
2572,C002572,personal,self_employed,0,38,36-83m,medium,0,46300.0,BC,online
2573,C002573,personal,public_sector,0,51,36-83m,low,0,19800.0,ON,online
2574,C002574,personal,public_sector,0,177,84m+,medium,0,37400.0,BC,mobile
2575,C002575,personal,salaried_employee,0,48,36-83m,high,0,71800.0,NS,branch
2576,C002576,personal,retired,0,48,36-83m,low,0,43700.0,BC,online
2577,C002577,personal,tradesperson,0,32,12-35m,low,0,56700.0,BC,branch
2578,C002578,personal,retired,0,53,36-83m,low,0,50700.0,ON,branch
2579,C002579,personal,student,0,26,12-35m,low,0,221300.0,ON,branch
2580,C002580,personal,salaried_employee,0,17,12-35m,low,0,47300.0,ON,branch
2581,C002581,personal,self_employed,0,24,12-35m,low,0,16400.0,QC,mobile
2582,C002582,business,import_export,0,29,12-35m,low,0,626200.0,BC,online
2583,C002583,personal,self_employed,0,18,12-35m,low,0,39400.0,QC,branch
2584,C002584,personal,tradesperson,0,18,12-35m,low,0,55400.0,QC,mobile
2585,C002585,business,import_export,0,87,84m+,low,0,436400.0,BC,online
2586,C002586,personal,salaried_employee,0,14,12-35m,low,0,97400.0,AB,branch
2587,C002587,personal,student,0,69,36-83m,medium,0,53200.0,ON,branch
2588,C002588,personal,self_employed,0,58,36-83m,low,0,42600.0,ON,mobile
2589,C002589,personal,tradesperson,0,42,36-83m,medium,0,68100.0,ON,mobile
2590,C002590,personal,retired,0,68,36-83m,low,0,105400.0,ON,branch
2591,C002591,business,restaurant,1,5,00-11m,medium,0,108400.0,QC,branch
2592,C002592,personal,retired,0,46,36-83m,medium,0,74600.0,QC,branch
2593,C002593,personal,tradesperson,0,123,84m+,low,0,104300.0,QC,mobile
2594,C002594,personal,salaried_employee,0,81,36-83m,low,0,30600.0,BC,online
2595,C002595,business,import_export,0,99,84m+,low,0,38400.0,ON,branch
2596,C002596,personal,self_employed,0,44,36-83m,low,0,34800.0,NS,mobile
2597,C002597,personal,student,0,28,12-35m,medium,0,57000.0,ON,mobile
2598,C002598,personal,healthcare_worker,0,35,12-35m,low,0,32100.0,ON,online
2599,C002599,personal,retired,0,7,00-11m,medium,0,24400.0,ON,online
2600,C002600,personal,student,0,71,36-83m,low,0,32800.0,QC,mobile
2601,C002601,personal,tradesperson,0,38,36-83m,low,0,95100.0,QC,branch
2602,C002602,personal,student,0,44,36-83m,medium,0,39700.0,SK,mobile
2603,C002603,business,consulting,0,34,12-35m,low,0,512700.0,MB,branch
2604,C002604,personal,salaried_employee,0,60,36-83m,medium,0,109200.0,ON,online
2605,C002605,personal,retired,0,19,12-35m,low,0,73900.0,QC,branch
2606,C002606,personal,salaried_employee,0,178,84m+,low,0,226700.0,ON,branch
2607,C002607,personal,student,0,155,84m+,low,0,55500.0,QC,online
2608,C002608,personal,student,0,45,36-83m,low,0,49600.0,BC,mobile
2609,C002609,personal,healthcare_worker,0,16,12-35m,medium,0,103400.0,ON,mobile
2610,C002610,personal,retired,0,17,12-35m,low,0,91300.0,BC,branch
2611,C002611,personal,retired,0,57,36-83m,low,0,47900.0,AB,online
2612,C002612,personal,self_employed,0,23,12-35m,medium,0,61300.0,ON,mobile
2613,C002613,business,convenience_retail,1,37,36-83m,low,0,113200.0,ON,branch
2614,C002614,personal,salaried_employee,0,25,12-35m,low,0,35000.0,ON,online
2615,C002615,personal,healthcare_worker,0,156,84m+,low,0,47100.0,ON,online
2616,C002616,personal,public_sector,0,54,36-83m,low,0,29700.0,AB,branch
2617,C002617,business,auto_dealer,1,14,12-35m,low,0,43700.0,ON,broker
2618,C002618,business,construction,0,37,36-83m,low,0,155600.0,QC,branch
2619,C002619,personal,salaried_employee,0,55,36-83m,low,0,53000.0,ON,online
2620,C002620,personal,retired,0,74,36-83m,low,0,32500.0,AB,branch
2621,C002621,personal,healthcare_worker,0,57,36-83m,low,0,43600.0,ON,mobile
2622,C002622,personal,retired,0,50,36-83m,low,0,43000.0,SK,online
2623,C002623,personal,self_employed,0,18,12-35m,low,0,29100.0,SK,branch
2624,C002624,business,construction,0,11,00-11m,low,0,359200.0,ON,online
2625,C002625,business,construction,0,9,00-11m,low,0,362100.0,ON,branch
2626,C002626,personal,healthcare_worker,0,109,84m+,medium,0,34400.0,ON,branch
2627,C002627,personal,public_sector,0,87,84m+,medium,0,161200.0,QC,online
2628,C002628,personal,student,0,116,84m+,low,0,133500.0,MB,mobile
2629,C002629,personal,public_sector,0,104,84m+,low,0,24600.0,QC,mobile
2630,C002630,business,restaurant,1,36,36-83m,low,0,819300.0,ON,branch
2631,C002631,personal,self_employed,0,14,12-35m,medium,0,79200.0,ON,branch
2632,C002632,personal,tradesperson,0,35,12-35m,low,0,47100.0,ON,online
2633,C002633,business,logistics,0,30,12-35m,low,0,243400.0,AB,online
2634,C002634,personal,self_employed,0,59,36-83m,low,0,93400.0,ON,online
2635,C002635,personal,healthcare_worker,0,34,12-35m,low,0,34400.0,ON,branch
2636,C002636,personal,salaried_employee,0,129,84m+,low,0,48800.0,ON,online
2637,C002637,business,convenience_retail,1,53,36-83m,low,0,692400.0,AB,branch
2638,C002638,personal,student,0,28,12-35m,low,0,199300.0,QC,broker
2639,C002639,personal,retired,0,99,84m+,low,0,98900.0,NS,broker
2640,C002640,personal,salaried_employee,0,64,36-83m,low,0,86200.0,NS,mobile
2641,C002641,business,money_services,0,20,12-35m,medium,0,301600.0,ON,broker
2642,C002642,business,auto_dealer,1,74,36-83m,medium,0,341700.0,AB,branch
2643,C002643,personal,salaried_employee,0,46,36-83m,low,0,67600.0,NS,branch
2644,C002644,personal,retired,0,76,36-83m,low,0,79700.0,ON,mobile
2645,C002645,personal,self_employed,0,64,36-83m,low,0,31700.0,MB,branch
2646,C002646,personal,student,0,9,00-11m,low,0,48100.0,ON,online
2647,C002647,personal,retired,0,49,36-83m,low,0,71100.0,ON,broker
2648,C002648,personal,tradesperson,0,76,36-83m,low,0,49100.0,QC,branch
2649,C002649,personal,healthcare_worker,0,34,12-35m,medium,0,79400.0,QC,branch
2650,C002650,personal,public_sector,0,82,36-83m,low,0,35000.0,AB,mobile
2651,C002651,personal,self_employed,0,94,84m+,low,0,58400.0,BC,mobile
2652,C002652,personal,salaried_employee,0,79,36-83m,low,0,97700.0,QC,online
2653,C002653,personal,self_employed,0,144,84m+,low,0,68400.0,ON,mobile
2654,C002654,personal,student,0,139,84m+,low,0,27200.0,AB,branch
2655,C002655,personal,salaried_employee,0,58,36-83m,high,0,32400.0,ON,branch
2656,C002656,personal,self_employed,0,21,12-35m,low,0,27600.0,MB,branch
2657,C002657,business,convenience_retail,1,104,84m+,medium,0,265200.0,ON,online
2658,C002658,personal,public_sector,0,129,84m+,low,0,57400.0,ON,branch
2659,C002659,personal,self_employed,0,73,36-83m,low,0,47000.0,BC,online
2660,C002660,business,money_services,0,34,12-35m,medium,0,165500.0,ON,branch
2661,C002661,personal,public_sector,0,34,12-35m,low,0,35400.0,ON,branch
2662,C002662,personal,self_employed,0,33,12-35m,low,0,20500.0,AB,online
2663,C002663,business,money_services,0,40,36-83m,low,0,396300.0,AB,online
2664,C002664,personal,healthcare_worker,0,35,12-35m,medium,0,91800.0,AB,online
2665,C002665,personal,healthcare_worker,0,99,84m+,low,0,144800.0,QC,branch
2666,C002666,personal,self_employed,0,42,36-83m,low,0,63500.0,ON,mobile
2667,C002667,personal,salaried_employee,0,78,36-83m,high,0,91500.0,QC,branch
2668,C002668,personal,self_employed,0,96,84m+,low,0,55100.0,QC,mobile
2669,C002669,personal,student,0,52,36-83m,low,0,78400.0,QC,branch
2670,C002670,personal,salaried_employee,0,60,36-83m,low,0,28900.0,ON,branch
2671,C002671,personal,salaried_employee,0,6,00-11m,medium,0,52700.0,ON,branch
2672,C002672,personal,student,0,24,12-35m,medium,0,122400.0,BC,branch
2673,C002673,personal,salaried_employee,0,111,84m+,low,0,64600.0,QC,branch
2674,C002674,personal,tradesperson,0,13,12-35m,low,0,45300.0,ON,online
2675,C002675,personal,salaried_employee,0,84,84m+,low,0,32100.0,BC,mobile
2676,C002676,personal,self_employed,0,53,36-83m,low,0,42100.0,ON,mobile
2677,C002677,business,construction,0,25,12-35m,medium,0,257700.0,BC,mobile
2678,C002678,personal,healthcare_worker,0,30,12-35m,low,0,68500.0,NS,online
2679,C002679,personal,healthcare_worker,0,32,12-35m,low,0,76800.0,NS,branch
2680,C002680,personal,public_sector,0,77,36-83m,low,0,26600.0,ON,branch
2681,C002681,personal,tradesperson,0,77,36-83m,low,0,87200.0,BC,online
2682,C002682,business,construction,0,104,84m+,low,0,305100.0,ON,broker
2683,C002683,personal,public_sector,0,45,36-83m,low,0,39100.0,BC,mobile
2684,C002684,personal,student,0,70,36-83m,low,0,60600.0,QC,online
2685,C002685,personal,healthcare_worker,0,66,36-83m,low,0,33700.0,ON,branch
2686,C002686,personal,self_employed,0,78,36-83m,low,0,65600.0,ON,online
2687,C002687,personal,student,0,25,12-35m,low,0,101600.0,BC,mobile
2688,C002688,personal,self_employed,0,117,84m+,low,0,62600.0,NS,branch
2689,C002689,business,restaurant,1,71,36-83m,low,0,148300.0,BC,branch
2690,C002690,personal,self_employed,0,31,12-35m,low,0,71900.0,BC,branch
2691,C002691,personal,public_sector,0,70,36-83m,low,0,83400.0,ON,online
2692,C002692,business,money_services,0,18,12-35m,medium,0,186600.0,ON,branch
2693,C002693,business,convenience_retail,1,66,36-83m,low,0,204900.0,MB,mobile
2694,C002694,personal,tradesperson,0,21,12-35m,low,0,59500.0,MB,online
2695,C002695,personal,tradesperson,0,14,12-35m,low,0,131500.0,AB,mobile
2696,C002696,personal,healthcare_worker,0,73,36-83m,low,0,41300.0,BC,mobile
2697,C002697,personal,healthcare_worker,0,76,36-83m,low,0,22300.0,BC,branch
2698,C002698,personal,public_sector,0,10,00-11m,medium,0,44100.0,QC,mobile
2699,C002699,personal,healthcare_worker,0,184,84m+,low,0,35200.0,ON,mobile
2700,C002700,personal,healthcare_worker,0,131,84m+,low,0,13900.0,QC,online
2701,C002701,personal,salaried_employee,0,46,36-83m,low,0,95300.0,ON,branch
2702,C002702,business,construction,0,83,36-83m,high,0,119500.0,BC,mobile
2703,C002703,business,auto_dealer,1,28,12-35m,low,0,192100.0,SK,branch
2704,C002704,personal,salaried_employee,0,25,12-35m,low,0,34600.0,BC,branch
2705,C002705,business,restaurant,1,41,36-83m,low,0,259600.0,AB,branch
2706,C002706,personal,tradesperson,0,90,84m+,low,0,52700.0,ON,branch
2707,C002707,personal,self_employed,0,20,12-35m,low,0,233300.0,ON,branch
2708,C002708,business,import_export,0,19,12-35m,medium,0,428000.0,QC,online
2709,C002709,personal,public_sector,0,25,12-35m,low,0,60500.0,ON,online
2710,C002710,personal,tradesperson,0,99,84m+,low,0,67600.0,QC,mobile
2711,C002711,personal,healthcare_worker,0,24,12-35m,medium,0,121200.0,AB,branch
2712,C002712,business,logistics,0,56,36-83m,low,0,975800.0,QC,mobile
2713,C002713,business,logistics,0,33,12-35m,low,0,239000.0,ON,online
2714,C002714,business,convenience_retail,1,33,12-35m,low,0,136800.0,BC,branch
2715,C002715,personal,public_sector,0,13,12-35m,low,0,42700.0,ON,branch
2716,C002716,personal,retired,0,13,12-35m,low,0,156400.0,QC,mobile
2717,C002717,business,restaurant,1,75,36-83m,low,0,1132000.0,ON,branch
2718,C002718,personal,retired,0,101,84m+,low,0,52100.0,ON,branch
2719,C002719,business,restaurant,1,45,36-83m,low,0,60100.0,QC,mobile
2720,C002720,personal,tradesperson,0,83,36-83m,low,0,88400.0,QC,branch
2721,C002721,personal,public_sector,0,42,36-83m,high,0,62900.0,AB,online
2722,C002722,personal,self_employed,0,26,12-35m,low,0,130800.0,BC,branch
2723,C002723,personal,self_employed,0,27,12-35m,low,0,43000.0,QC,mobile
2724,C002724,personal,tradesperson,0,56,36-83m,medium,0,13600.0,AB,branch
2725,C002725,personal,retired,0,117,84m+,low,0,151800.0,ON,online
2726,C002726,personal,healthcare_worker,0,107,84m+,medium,0,52200.0,ON,online
2727,C002727,personal,tradesperson,0,150,84m+,low,0,57100.0,BC,mobile
2728,C002728,personal,self_employed,0,124,84m+,medium,0,54000.0,SK,mobile
2729,C002729,business,import_export,0,53,36-83m,low,0,938900.0,ON,branch
2730,C002730,personal,retired,0,32,12-35m,medium,0,9700.0,AB,branch
2731,C002731,personal,student,0,66,36-83m,low,0,75100.0,QC,branch
2732,C002732,personal,public_sector,0,31,12-35m,low,0,40800.0,ON,mobile
2733,C002733,personal,tradesperson,0,89,84m+,low,0,99600.0,ON,online
2734,C002734,personal,public_sector,0,34,12-35m,low,0,60000.0,QC,mobile
2735,C002735,personal,retired,0,69,36-83m,low,0,96300.0,ON,online
2736,C002736,personal,retired,0,12,12-35m,low,0,74800.0,AB,branch
2737,C002737,personal,self_employed,0,28,12-35m,low,0,38800.0,ON,mobile
2738,C002738,personal,healthcare_worker,0,77,36-83m,medium,0,64100.0,ON,online
2739,C002739,personal,self_employed,0,35,12-35m,high,0,45200.0,QC,mobile
2740,C002740,personal,retired,0,141,84m+,medium,0,68900.0,BC,online
2741,C002741,personal,self_employed,0,50,36-83m,low,0,34600.0,MB,online
2742,C002742,personal,public_sector,0,53,36-83m,low,0,169500.0,ON,branch
2743,C002743,personal,public_sector,0,309,84m+,low,0,46800.0,QC,branch
2744,C002744,personal,retired,0,54,36-83m,low,0,83400.0,AB,online
2745,C002745,personal,self_employed,0,35,12-35m,medium,0,40300.0,ON,mobile
2746,C002746,personal,student,0,42,36-83m,low,0,27100.0,QC,online
2747,C002747,personal,self_employed,0,97,84m+,low,0,127600.0,QC,branch
2748,C002748,personal,healthcare_worker,0,64,36-83m,low,0,37300.0,MB,online
2749,C002749,business,auto_dealer,1,72,36-83m,low,0,258600.0,QC,online
2750,C002750,personal,retired,0,48,36-83m,low,0,120200.0,MB,online
2751,C002751,personal,student,0,47,36-83m,medium,0,29700.0,QC,branch
2752,C002752,personal,self_employed,0,96,84m+,medium,0,35000.0,ON,mobile
2753,C002753,personal,tradesperson,0,67,36-83m,medium,0,20000.0,AB,online
2754,C002754,personal,public_sector,0,36,36-83m,medium,0,45500.0,ON,branch
2755,C002755,personal,tradesperson,0,18,12-35m,low,0,59600.0,ON,online
2756,C002756,business,restaurant,1,108,84m+,low,0,393700.0,ON,branch
2757,C002757,business,restaurant,1,77,36-83m,low,0,301100.0,QC,online
2758,C002758,personal,salaried_employee,0,70,36-83m,low,0,15400.0,MB,mobile
2759,C002759,personal,tradesperson,0,199,84m+,low,0,64000.0,BC,online
2760,C002760,personal,tradesperson,0,70,36-83m,low,0,87900.0,QC,mobile
2761,C002761,personal,student,0,41,36-83m,low,0,65500.0,ON,branch
2762,C002762,personal,student,0,33,12-35m,low,0,22400.0,QC,broker
2763,C002763,business,logistics,0,65,36-83m,low,0,1538300.0,BC,branch
2764,C002764,business,import_export,0,57,36-83m,medium,0,329100.0,AB,branch
2765,C002765,business,consulting,0,41,36-83m,medium,0,231800.0,AB,mobile
2766,C002766,business,construction,0,144,84m+,low,0,447800.0,BC,online
2767,C002767,personal,salaried_employee,0,77,36-83m,low,0,108000.0,QC,broker
2768,C002768,personal,salaried_employee,0,50,36-83m,low,0,57700.0,ON,branch
2769,C002769,personal,self_employed,0,27,12-35m,medium,1,96600.0,ON,online
2770,C002770,personal,student,0,17,12-35m,low,0,30500.0,QC,branch
2771,C002771,personal,tradesperson,0,44,36-83m,low,0,23400.0,ON,online
2772,C002772,personal,salaried_employee,0,107,84m+,low,0,39700.0,ON,branch
2773,C002773,personal,retired,0,77,36-83m,low,0,61400.0,QC,broker
2774,C002774,business,consulting,0,53,36-83m,low,0,701700.0,QC,mobile
2775,C002775,business,logistics,0,170,84m+,medium,0,335100.0,AB,branch
2776,C002776,personal,public_sector,0,39,36-83m,low,0,29100.0,ON,online
2777,C002777,personal,salaried_employee,0,35,12-35m,medium,0,70500.0,BC,branch
2778,C002778,personal,public_sector,0,67,36-83m,medium,0,32400.0,MB,online
2779,C002779,personal,public_sector,0,182,84m+,low,0,55900.0,ON,mobile
2780,C002780,business,auto_dealer,1,23,12-35m,low,0,561400.0,ON,branch
2781,C002781,personal,retired,0,45,36-83m,low,0,59900.0,ON,mobile
2782,C002782,personal,tradesperson,0,135,84m+,low,0,74100.0,QC,mobile
2783,C002783,personal,student,0,36,36-83m,low,0,64800.0,QC,branch
2784,C002784,personal,retired,0,123,84m+,medium,0,136100.0,AB,online
2785,C002785,personal,public_sector,0,49,36-83m,low,0,21800.0,BC,branch
2786,C002786,personal,student,0,146,84m+,low,0,127200.0,ON,branch
2787,C002787,personal,public_sector,0,116,84m+,low,0,40000.0,SK,branch
2788,C002788,personal,healthcare_worker,0,65,36-83m,low,0,89000.0,QC,broker
2789,C002789,business,import_export,0,78,36-83m,low,0,302400.0,QC,branch
2790,C002790,personal,salaried_employee,0,50,36-83m,low,0,113600.0,ON,online
2791,C002791,personal,tradesperson,0,46,36-83m,high,0,55900.0,QC,branch
2792,C002792,personal,healthcare_worker,0,151,84m+,low,0,66500.0,QC,online
2793,C002793,business,import_export,0,116,84m+,low,0,210900.0,ON,online
2794,C002794,personal,tradesperson,0,163,84m+,high,0,64400.0,ON,mobile
2795,C002795,business,restaurant,1,94,84m+,low,0,323800.0,ON,branch
2796,C002796,personal,retired,0,9,00-11m,low,0,143900.0,ON,mobile
2797,C002797,personal,retired,0,50,36-83m,medium,0,61700.0,AB,online
2798,C002798,personal,tradesperson,0,36,36-83m,low,0,51600.0,ON,branch
2799,C002799,business,logistics,0,31,12-35m,low,0,189400.0,ON,broker
2800,C002800,personal,self_employed,0,65,36-83m,low,0,103400.0,ON,branch
2801,C002801,business,salon,1,21,12-35m,medium,0,134000.0,ON,online
2802,C002802,personal,healthcare_worker,0,12,12-35m,medium,0,48800.0,QC,branch
2803,C002803,business,convenience_retail,1,27,12-35m,low,0,287300.0,ON,online
2804,C002804,personal,self_employed,0,119,84m+,low,0,31900.0,ON,online
2805,C002805,personal,student,0,47,36-83m,low,0,59000.0,QC,branch
2806,C002806,business,convenience_retail,1,26,12-35m,medium,0,29700.0,AB,online
2807,C002807,personal,healthcare_worker,0,43,36-83m,low,0,67800.0,AB,branch
2808,C002808,personal,public_sector,0,47,36-83m,low,0,21100.0,BC,online
2809,C002809,personal,tradesperson,0,32,12-35m,medium,0,62300.0,SK,branch
2810,C002810,personal,public_sector,0,45,36-83m,low,0,46200.0,QC,mobile
2811,C002811,personal,self_employed,0,77,36-83m,low,0,164900.0,NS,mobile
2812,C002812,business,auto_dealer,1,21,12-35m,high,0,77800.0,ON,mobile
2813,C002813,personal,healthcare_worker,0,109,84m+,low,0,107600.0,AB,broker
2814,C002814,personal,self_employed,0,78,36-83m,low,0,47100.0,BC,branch
2815,C002815,personal,salaried_employee,0,30,12-35m,low,0,182100.0,MB,mobile
2816,C002816,personal,healthcare_worker,0,107,84m+,medium,0,48800.0,MB,online
2817,C002817,personal,healthcare_worker,0,104,84m+,medium,0,61900.0,ON,branch
2818,C002818,business,auto_dealer,1,19,12-35m,low,0,171600.0,ON,branch
2819,C002819,business,salon,1,57,36-83m,high,0,736300.0,ON,branch
2820,C002820,personal,public_sector,0,82,36-83m,low,0,62000.0,QC,mobile
2821,C002821,personal,student,0,49,36-83m,medium,0,154400.0,ON,branch
2822,C002822,business,import_export,0,44,36-83m,high,0,209900.0,ON,broker
2823,C002823,personal,retired,0,48,36-83m,low,0,40300.0,AB,broker
2824,C002824,personal,retired,0,100,84m+,low,0,49400.0,AB,mobile
2825,C002825,personal,tradesperson,0,25,12-35m,medium,0,121900.0,QC,branch
2826,C002826,personal,retired,0,27,12-35m,low,0,134600.0,AB,branch
2827,C002827,personal,self_employed,0,22,12-35m,low,0,47000.0,NS,branch
2828,C002828,personal,salaried_employee,0,39,36-83m,low,0,70900.0,ON,branch
2829,C002829,personal,salaried_employee,0,66,36-83m,low,0,62500.0,QC,branch
2830,C002830,business,construction,0,23,12-35m,low,0,208000.0,ON,online
2831,C002831,personal,retired,0,121,84m+,low,0,73500.0,BC,branch
2832,C002832,personal,public_sector,0,42,36-83m,low,0,21100.0,ON,online
2833,C002833,personal,healthcare_worker,0,83,36-83m,low,0,38100.0,BC,online
2834,C002834,personal,tradesperson,0,75,36-83m,low,0,122600.0,AB,online
2835,C002835,personal,student,0,82,36-83m,low,0,61500.0,ON,broker
2836,C002836,business,consulting,0,90,84m+,low,0,357100.0,NS,branch
2837,C002837,personal,public_sector,0,95,84m+,medium,0,91000.0,BC,online
2838,C002838,business,auto_dealer,1,6,00-11m,low,0,392900.0,QC,branch
2839,C002839,personal,public_sector,0,21,12-35m,low,0,78500.0,BC,online
2840,C002840,personal,public_sector,0,116,84m+,low,0,76600.0,AB,branch
2841,C002841,business,logistics,0,11,00-11m,high,0,1457700.0,QC,branch
2842,C002842,personal,student,0,69,36-83m,low,0,74700.0,ON,online
2843,C002843,personal,tradesperson,0,99,84m+,low,0,70900.0,BC,branch
2844,C002844,personal,self_employed,0,47,36-83m,medium,0,71400.0,ON,online
2845,C002845,personal,public_sector,0,7,00-11m,medium,0,40000.0,ON,online
2846,C002846,personal,public_sector,0,13,12-35m,medium,0,155600.0,MB,branch
2847,C002847,personal,self_employed,0,115,84m+,low,0,111800.0,BC,branch
2848,C002848,personal,tradesperson,0,61,36-83m,low,0,36600.0,ON,mobile
2849,C002849,personal,tradesperson,0,124,84m+,medium,0,36400.0,ON,mobile
2850,C002850,personal,salaried_employee,0,45,36-83m,low,0,58500.0,ON,branch
2851,C002851,personal,student,0,95,84m+,low,0,24400.0,QC,online
2852,C002852,business,salon,1,36,36-83m,medium,0,222900.0,MB,mobile
2853,C002853,personal,student,0,25,12-35m,low,0,114100.0,BC,mobile
2854,C002854,personal,self_employed,0,67,36-83m,low,0,65400.0,ON,broker
2855,C002855,personal,self_employed,0,54,36-83m,medium,0,52000.0,ON,mobile
2856,C002856,business,construction,0,21,12-35m,low,0,373000.0,MB,online
2857,C002857,business,restaurant,1,70,36-83m,low,0,164000.0,QC,branch
2858,C002858,personal,self_employed,0,20,12-35m,low,0,37900.0,ON,mobile
2859,C002859,personal,retired,0,130,84m+,low,0,49900.0,NS,broker
2860,C002860,business,import_export,0,100,84m+,low,0,308700.0,ON,online
2861,C002861,business,construction,0,55,36-83m,low,0,321900.0,QC,mobile
2862,C002862,business,consulting,0,96,84m+,low,0,189600.0,QC,mobile
2863,C002863,personal,tradesperson,0,37,36-83m,low,0,41400.0,AB,online
2864,C002864,personal,student,0,54,36-83m,medium,0,19000.0,ON,mobile
2865,C002865,business,import_export,0,86,84m+,low,0,1322000.0,QC,online
2866,C002866,personal,retired,0,191,84m+,low,0,85000.0,ON,mobile
2867,C002867,personal,public_sector,0,124,84m+,low,0,54400.0,AB,branch
2868,C002868,personal,retired,0,133,84m+,low,0,35200.0,QC,online
2869,C002869,personal,tradesperson,0,23,12-35m,low,0,33500.0,QC,online
2870,C002870,personal,healthcare_worker,0,154,84m+,low,0,45500.0,ON,branch
2871,C002871,personal,tradesperson,0,58,36-83m,medium,0,47900.0,QC,mobile
2872,C002872,business,consulting,0,25,12-35m,low,0,1661700.0,ON,branch
2873,C002873,personal,healthcare_worker,0,22,12-35m,low,0,68800.0,ON,branch
2874,C002874,business,auto_dealer,1,37,36-83m,low,0,298300.0,AB,online
2875,C002875,business,logistics,0,117,84m+,medium,0,747800.0,QC,branch
2876,C002876,personal,tradesperson,0,107,84m+,high,0,45300.0,NS,mobile
2877,C002877,business,convenience_retail,1,20,12-35m,low,0,664000.0,BC,branch
2878,C002878,personal,retired,0,55,36-83m,low,0,95600.0,QC,online
2879,C002879,business,convenience_retail,1,161,84m+,medium,0,205200.0,ON,branch
2880,C002880,personal,self_employed,0,104,84m+,low,0,51300.0,ON,branch
2881,C002881,personal,public_sector,0,49,36-83m,medium,0,88600.0,QC,branch
2882,C002882,personal,public_sector,0,47,36-83m,low,0,39700.0,QC,online
2883,C002883,personal,retired,0,60,36-83m,low,0,71200.0,QC,branch
2884,C002884,personal,healthcare_worker,0,175,84m+,medium,0,58200.0,AB,online
2885,C002885,personal,tradesperson,0,59,36-83m,medium,0,41000.0,BC,branch
2886,C002886,personal,student,0,49,36-83m,low,0,83900.0,BC,online
2887,C002887,business,construction,0,165,84m+,low,0,119200.0,ON,branch
2888,C002888,business,consulting,0,56,36-83m,low,0,61300.0,ON,branch
2889,C002889,business,logistics,0,17,12-35m,low,0,511500.0,QC,branch
2890,C002890,personal,student,0,75,36-83m,low,0,52500.0,QC,online
2891,C002891,personal,retired,0,19,12-35m,low,0,101200.0,BC,mobile
2892,C002892,personal,healthcare_worker,0,40,36-83m,low,0,89100.0,SK,broker
2893,C002893,personal,healthcare_worker,0,38,36-83m,high,0,61500.0,BC,online
2894,C002894,personal,salaried_employee,0,47,36-83m,low,0,67800.0,ON,online
2895,C002895,personal,retired,0,61,36-83m,low,0,85800.0,AB,branch
2896,C002896,personal,healthcare_worker,0,8,00-11m,low,0,78100.0,BC,online
2897,C002897,personal,salaried_employee,0,35,12-35m,medium,0,58500.0,SK,branch
2898,C002898,personal,student,0,70,36-83m,medium,0,65800.0,QC,online
2899,C002899,personal,public_sector,0,74,36-83m,low,0,29500.0,BC,broker
2900,C002900,personal,tradesperson,0,33,12-35m,medium,0,56900.0,AB,branch
2901,C002901,personal,self_employed,0,94,84m+,medium,0,105700.0,BC,branch
2902,C002902,personal,tradesperson,0,86,84m+,low,0,42400.0,ON,branch
2903,C002903,business,construction,0,51,36-83m,low,0,537000.0,BC,mobile
2904,C002904,business,logistics,0,31,12-35m,low,0,271200.0,BC,branch
2905,C002905,personal,self_employed,0,48,36-83m,low,0,76800.0,BC,branch
2906,C002906,personal,self_employed,0,55,36-83m,low,0,78200.0,ON,branch
2907,C002907,personal,salaried_employee,0,38,36-83m,medium,0,126800.0,QC,online
2908,C002908,personal,student,0,23,12-35m,low,0,65300.0,MB,branch
2909,C002909,business,logistics,0,12,12-35m,medium,0,183700.0,AB,online
2910,C002910,personal,retired,0,46,36-83m,low,0,126200.0,BC,online
2911,C002911,personal,public_sector,0,10,00-11m,low,0,19500.0,ON,branch
2912,C002912,personal,healthcare_worker,0,53,36-83m,low,0,58200.0,SK,online
2913,C002913,personal,retired,0,120,84m+,low,0,35700.0,BC,broker
2914,C002914,personal,healthcare_worker,0,61,36-83m,low,0,37500.0,AB,branch
2915,C002915,business,restaurant,1,36,36-83m,low,0,100900.0,QC,online
2916,C002916,personal,public_sector,0,33,12-35m,medium,0,58300.0,QC,online
2917,C002917,personal,healthcare_worker,0,22,12-35m,low,0,98900.0,QC,branch
2918,C002918,personal,salaried_employee,0,84,84m+,low,0,86700.0,BC,branch
2919,C002919,business,money_services,0,67,36-83m,high,0,82300.0,ON,online
2920,C002920,personal,tradesperson,0,128,84m+,low,0,29000.0,ON,online
2921,C002921,personal,tradesperson,0,36,36-83m,low,0,41600.0,ON,online
2922,C002922,business,construction,0,10,00-11m,low,0,484300.0,BC,online
2923,C002923,personal,student,0,21,12-35m,low,0,52600.0,ON,branch
2924,C002924,personal,public_sector,0,55,36-83m,medium,0,50600.0,QC,mobile
2925,C002925,personal,self_employed,0,71,36-83m,medium,0,56000.0,BC,branch
2926,C002926,business,consulting,0,52,36-83m,low,0,330800.0,BC,online
2927,C002927,personal,healthcare_worker,0,54,36-83m,medium,0,31600.0,BC,branch
2928,C002928,business,consulting,0,158,84m+,low,0,354700.0,BC,branch
2929,C002929,personal,retired,0,8,00-11m,medium,1,161000.0,BC,branch
2930,C002930,business,restaurant,1,66,36-83m,low,0,867200.0,ON,mobile
2931,C002931,personal,student,0,66,36-83m,low,0,27200.0,ON,branch
2932,C002932,personal,retired,0,58,36-83m,high,0,66700.0,ON,online
2933,C002933,personal,public_sector,0,2,00-11m,low,0,52400.0,ON,branch
2934,C002934,personal,student,0,13,12-35m,low,0,65200.0,QC,branch
2935,C002935,personal,tradesperson,0,52,36-83m,low,0,39600.0,MB,branch
2936,C002936,personal,tradesperson,0,116,84m+,low,0,96000.0,QC,branch
2937,C002937,personal,salaried_employee,0,29,12-35m,low,0,34200.0,SK,branch
2938,C002938,personal,self_employed,0,126,84m+,low,0,62800.0,QC,mobile
2939,C002939,business,import_export,0,85,84m+,high,0,101900.0,AB,online
2940,C002940,personal,student,0,107,84m+,medium,0,71000.0,BC,branch
2941,C002941,business,logistics,0,29,12-35m,low,0,217800.0,QC,broker
2942,C002942,personal,student,0,24,12-35m,low,0,69700.0,BC,online
2943,C002943,personal,salaried_employee,0,9,00-11m,low,0,87300.0,AB,online
2944,C002944,business,convenience_retail,1,8,00-11m,medium,0,308400.0,BC,branch
2945,C002945,business,consulting,0,58,36-83m,low,0,1036200.0,QC,mobile
2946,C002946,personal,retired,0,113,84m+,low,0,33200.0,ON,branch
2947,C002947,business,restaurant,1,77,36-83m,high,0,620200.0,ON,branch
2948,C002948,personal,healthcare_worker,0,151,84m+,medium,0,47900.0,ON,online
2949,C002949,personal,public_sector,0,107,84m+,low,0,47500.0,BC,online
2950,C002950,personal,tradesperson,0,118,84m+,low,0,53100.0,AB,branch
2951,C002951,business,construction,0,88,84m+,low,0,300700.0,ON,branch
2952,C002952,personal,salaried_employee,0,44,36-83m,low,0,18200.0,QC,branch
2953,C002953,business,import_export,0,20,12-35m,low,0,1345600.0,BC,online
2954,C002954,personal,salaried_employee,0,86,84m+,low,0,44400.0,ON,mobile
2955,C002955,personal,tradesperson,0,143,84m+,low,1,210500.0,ON,branch
2956,C002956,personal,healthcare_worker,0,62,36-83m,low,0,18400.0,ON,online
2957,C002957,personal,salaried_employee,0,34,12-35m,low,0,71400.0,ON,online
2958,C002958,personal,salaried_employee,0,43,36-83m,low,0,45900.0,ON,online
2959,C002959,personal,healthcare_worker,0,69,36-83m,low,0,63600.0,ON,online
2960,C002960,business,logistics,0,63,36-83m,high,0,866500.0,ON,online
2961,C002961,business,auto_dealer,1,51,36-83m,low,0,1745200.0,ON,branch
2962,C002962,personal,retired,0,124,84m+,low,0,70100.0,ON,branch
2963,C002963,personal,retired,0,69,36-83m,high,0,57700.0,BC,online
2964,C002964,business,auto_dealer,1,86,84m+,low,0,209600.0,QC,online
2965,C002965,business,convenience_retail,1,44,36-83m,low,0,912400.0,ON,branch
2966,C002966,personal,tradesperson,0,94,84m+,low,0,285300.0,ON,branch
2967,C002967,personal,public_sector,0,43,36-83m,low,0,104300.0,ON,branch
2968,C002968,personal,self_employed,0,72,36-83m,medium,0,115800.0,AB,online
2969,C002969,personal,salaried_employee,0,32,12-35m,low,0,256000.0,AB,mobile
2970,C002970,business,salon,1,47,36-83m,low,0,367200.0,ON,online
2971,C002971,personal,retired,0,105,84m+,low,0,32200.0,AB,online
2972,C002972,personal,student,0,39,36-83m,high,0,76500.0,AB,online
2973,C002973,personal,healthcare_worker,0,15,12-35m,low,0,50500.0,ON,branch
2974,C002974,personal,healthcare_worker,0,45,36-83m,medium,0,84600.0,ON,mobile
2975,C002975,personal,public_sector,0,150,84m+,medium,0,85800.0,QC,online
2976,C002976,personal,tradesperson,0,215,84m+,medium,0,128300.0,BC,mobile
2977,C002977,personal,retired,0,135,84m+,low,0,27600.0,AB,branch
2978,C002978,personal,public_sector,0,50,36-83m,medium,0,55500.0,QC,broker
2979,C002979,personal,self_employed,0,40,36-83m,medium,0,69100.0,QC,mobile
2980,C002980,personal,self_employed,0,112,84m+,low,0,59800.0,AB,mobile
2981,C002981,personal,healthcare_worker,0,30,12-35m,low,0,49700.0,ON,online
2982,C002982,personal,tradesperson,0,72,36-83m,low,0,42900.0,ON,online
2983,C002983,personal,salaried_employee,0,132,84m+,low,0,55000.0,BC,mobile
2984,C002984,personal,retired,0,93,84m+,low,0,88100.0,ON,branch
2985,C002985,personal,student,0,60,36-83m,low,0,36300.0,BC,branch
2986,C002986,personal,self_employed,0,26,12-35m,low,0,52800.0,ON,branch
2987,C002987,personal,salaried_employee,0,99,84m+,medium,0,46200.0,QC,branch
2988,C002988,personal,healthcare_worker,0,42,36-83m,low,0,49900.0,QC,branch
2989,C002989,personal,tradesperson,0,72,36-83m,low,0,94300.0,BC,branch
2990,C002990,personal,tradesperson,0,45,36-83m,low,0,44000.0,AB,branch
2991,C002991,business,consulting,0,16,12-35m,low,0,899100.0,ON,branch
2992,C002992,personal,retired,0,6,00-11m,low,0,149700.0,ON,mobile
2993,C002993,personal,student,0,60,36-83m,low,0,57600.0,ON,branch
2994,C002994,personal,tradesperson,0,17,12-35m,low,0,60100.0,AB,online
2995,C002995,business,money_services,0,66,36-83m,medium,0,820800.0,ON,branch
2996,C002996,personal,salaried_employee,0,26,12-35m,low,0,51700.0,ON,mobile
2997,C002997,business,consulting,0,23,12-35m,low,0,103600.0,AB,online
2998,C002998,business,construction,0,89,84m+,low,0,162500.0,QC,online
2999,C002999,personal,retired,0,23,12-35m,low,0,22800.0,ON,branch
3000,C003000,business,consulting,0,117,84m+,medium,0,708800.0,ON,branch
3001,C003001,personal,salaried_employee,0,40,36-83m,low,0,119600.0,AB,branch
3002,C003002,personal,tradesperson,0,80,36-83m,low,0,158400.0,ON,online
3003,C003003,personal,tradesperson,0,30,12-35m,medium,0,72800.0,BC,branch
3004,C003004,personal,healthcare_worker,0,19,12-35m,medium,0,41400.0,ON,broker
3005,C003005,personal,salaried_employee,0,42,36-83m,medium,0,25500.0,MB,branch
3006,C003006,business,import_export,0,33,12-35m,low,0,186100.0,AB,online
3007,C003007,personal,student,0,61,36-83m,low,0,65600.0,ON,mobile
3008,C003008,business,money_services,0,73,36-83m,low,0,113100.0,AB,branch
3009,C003009,personal,healthcare_worker,0,29,12-35m,medium,0,204500.0,QC,mobile
3010,C003010,personal,self_employed,0,37,36-83m,low,0,76300.0,QC,mobile
3011,C003011,personal,self_employed,0,131,84m+,low,0,127400.0,ON,branch
3012,C003012,personal,student,0,31,12-35m,low,0,84900.0,QC,branch
3013,C003013,business,restaurant,1,36,36-83m,low,0,170400.0,ON,online
3014,C003014,personal,retired,0,79,36-83m,low,0,39400.0,ON,branch
3015,C003015,personal,salaried_employee,0,46,36-83m,high,0,97400.0,BC,branch
3016,C003016,personal,tradesperson,0,143,84m+,medium,0,62300.0,QC,branch
3017,C003017,business,convenience_retail,1,51,36-83m,low,0,226000.0,AB,mobile
3018,C003018,personal,salaried_employee,0,73,36-83m,medium,0,94200.0,ON,online
3019,C003019,personal,retired,0,57,36-83m,low,0,69000.0,ON,branch
3020,C003020,personal,self_employed,0,41,36-83m,medium,0,49600.0,AB,online
3021,C003021,business,money_services,0,21,12-35m,low,0,166400.0,ON,online
3022,C003022,personal,tradesperson,0,119,84m+,low,0,124400.0,QC,branch
3023,C003023,personal,student,0,14,12-35m,high,0,94000.0,ON,branch
3024,C003024,personal,salaried_employee,0,60,36-83m,low,0,186600.0,ON,mobile
3025,C003025,personal,public_sector,0,79,36-83m,medium,0,79400.0,QC,branch
3026,C003026,business,convenience_retail,1,48,36-83m,low,0,448300.0,ON,mobile
3027,C003027,personal,healthcare_worker,0,47,36-83m,low,0,58900.0,BC,mobile
3028,C003028,personal,healthcare_worker,0,123,84m+,low,0,82600.0,ON,branch
3029,C003029,personal,tradesperson,0,69,36-83m,low,0,87800.0,ON,branch
3030,C003030,personal,healthcare_worker,0,37,36-83m,low,0,84700.0,ON,branch
3031,C003031,personal,salaried_employee,0,19,12-35m,low,0,31500.0,ON,mobile
3032,C003032,personal,healthcare_worker,0,81,36-83m,low,0,65500.0,MB,online
3033,C003033,personal,tradesperson,0,80,36-83m,low,0,34700.0,AB,mobile
3034,C003034,personal,tradesperson,0,82,36-83m,low,0,57200.0,QC,mobile
3035,C003035,business,salon,1,30,12-35m,medium,0,646700.0,ON,branch
3036,C003036,personal,salaried_employee,0,54,36-83m,low,0,88100.0,QC,mobile
3037,C003037,personal,self_employed,0,36,36-83m,medium,0,70500.0,ON,branch
3038,C003038,personal,public_sector,0,44,36-83m,low,0,58500.0,QC,online
3039,C003039,personal,public_sector,0,38,36-83m,low,0,117800.0,QC,mobile
3040,C003040,personal,student,0,134,84m+,low,0,51300.0,ON,branch
3041,C003041,personal,salaried_employee,0,20,12-35m,low,0,17000.0,MB,online
3042,C003042,personal,student,0,42,36-83m,medium,0,53700.0,AB,online
3043,C003043,personal,self_employed,0,12,12-35m,low,0,109600.0,ON,branch
3044,C003044,personal,salaried_employee,0,40,36-83m,medium,0,45600.0,ON,mobile
3045,C003045,personal,student,0,31,12-35m,low,0,64600.0,QC,broker
3046,C003046,business,import_export,0,71,36-83m,low,0,127100.0,BC,mobile
3047,C003047,personal,retired,0,87,84m+,low,0,56100.0,QC,online
3048,C003048,personal,retired,0,98,84m+,low,0,37400.0,AB,online
3049,C003049,personal,salaried_employee,0,86,84m+,low,0,101100.0,QC,branch
3050,C003050,personal,tradesperson,0,76,36-83m,low,1,73000.0,ON,online
3051,C003051,personal,self_employed,0,58,36-83m,medium,0,41600.0,BC,branch
3052,C003052,personal,salaried_employee,0,22,12-35m,low,0,93100.0,BC,branch
3053,C003053,personal,salaried_employee,0,23,12-35m,low,0,88400.0,ON,broker
3054,C003054,business,import_export,0,43,36-83m,low,0,1207800.0,QC,online
3055,C003055,personal,retired,0,49,36-83m,low,0,43900.0,QC,online
3056,C003056,personal,student,0,32,12-35m,low,0,120900.0,QC,online
3057,C003057,business,salon,1,49,36-83m,low,0,445000.0,ON,online
3058,C003058,personal,student,0,33,12-35m,medium,0,75300.0,ON,online
3059,C003059,personal,public_sector,0,125,84m+,low,0,39800.0,QC,online
3060,C003060,personal,public_sector,0,34,12-35m,low,0,16000.0,QC,broker
3061,C003061,business,restaurant,1,95,84m+,low,0,969000.0,AB,broker
3062,C003062,personal,public_sector,0,53,36-83m,medium,0,72400.0,QC,online
3063,C003063,personal,self_employed,0,46,36-83m,low,0,68800.0,BC,online
3064,C003064,personal,salaried_employee,0,121,84m+,low,0,117800.0,QC,online
3065,C003065,business,money_services,0,66,36-83m,low,0,108200.0,ON,online
3066,C003066,personal,retired,0,45,36-83m,low,0,99700.0,ON,mobile
3067,C003067,personal,public_sector,0,75,36-83m,medium,0,182500.0,BC,branch
3068,C003068,personal,healthcare_worker,0,45,36-83m,low,0,77400.0,SK,online
3069,C003069,personal,student,0,43,36-83m,low,0,117500.0,AB,mobile
3070,C003070,personal,healthcare_worker,0,183,84m+,low,0,66100.0,AB,branch
3071,C003071,personal,salaried_employee,0,26,12-35m,low,0,126500.0,ON,mobile
3072,C003072,personal,self_employed,0,36,36-83m,low,0,12700.0,BC,branch
3073,C003073,personal,healthcare_worker,0,36,36-83m,low,0,83100.0,BC,mobile
3074,C003074,personal,healthcare_worker,0,44,36-83m,low,1,168100.0,ON,branch
3075,C003075,personal,public_sector,0,42,36-83m,medium,0,50400.0,ON,branch
3076,C003076,personal,tradesperson,0,18,12-35m,medium,0,56300.0,BC,online
3077,C003077,personal,student,0,51,36-83m,low,0,122100.0,AB,online
3078,C003078,personal,tradesperson,0,67,36-83m,low,0,22100.0,NS,mobile
3079,C003079,personal,public_sector,0,17,12-35m,low,0,40300.0,QC,branch
3080,C003080,personal,salaried_employee,0,28,12-35m,low,0,71200.0,BC,mobile
3081,C003081,personal,student,0,95,84m+,low,0,49400.0,ON,mobile
3082,C003082,personal,salaried_employee,0,163,84m+,low,0,101900.0,QC,branch
3083,C003083,personal,healthcare_worker,0,46,36-83m,low,0,54800.0,ON,online
3084,C003084,personal,healthcare_worker,0,142,84m+,low,0,88600.0,ON,online
3085,C003085,business,money_services,0,154,84m+,low,0,203900.0,QC,online
3086,C003086,business,money_services,0,206,84m+,low,0,93400.0,ON,online
3087,C003087,personal,healthcare_worker,0,28,12-35m,low,0,82400.0,BC,online
3088,C003088,personal,public_sector,0,63,36-83m,medium,0,38100.0,ON,mobile
3089,C003089,personal,salaried_employee,0,116,84m+,low,0,118100.0,BC,branch
3090,C003090,business,convenience_retail,1,105,84m+,low,0,592500.0,BC,branch
3091,C003091,personal,salaried_employee,0,11,00-11m,low,0,54000.0,BC,online
3092,C003092,personal,retired,0,155,84m+,high,0,56800.0,ON,branch
3093,C003093,personal,tradesperson,0,25,12-35m,medium,1,27900.0,BC,online
3094,C003094,business,salon,1,26,12-35m,low,0,81300.0,ON,online
3095,C003095,personal,student,0,53,36-83m,low,0,116900.0,ON,branch
3096,C003096,personal,public_sector,0,61,36-83m,medium,0,30300.0,ON,mobile
3097,C003097,personal,retired,0,110,84m+,low,0,28500.0,QC,branch
3098,C003098,personal,tradesperson,0,156,84m+,medium,0,47500.0,AB,branch
3099,C003099,business,logistics,0,19,12-35m,low,0,348200.0,ON,online
3100,C003100,business,restaurant,1,33,12-35m,low,0,233100.0,MB,online
3101,C003101,personal,salaried_employee,0,32,12-35m,medium,0,29800.0,ON,online
3102,C003102,personal,tradesperson,0,96,84m+,low,0,71000.0,AB,broker
3103,C003103,personal,retired,0,90,84m+,low,0,69200.0,BC,mobile
3104,C003104,personal,salaried_employee,0,87,84m+,high,0,46300.0,QC,broker
3105,C003105,personal,student,0,48,36-83m,low,0,68900.0,ON,branch
3106,C003106,personal,retired,0,43,36-83m,high,0,78800.0,ON,branch
3107,C003107,business,consulting,0,83,36-83m,low,0,214500.0,ON,branch
3108,C003108,business,construction,0,45,36-83m,low,0,705800.0,ON,branch
3109,C003109,personal,healthcare_worker,0,96,84m+,low,0,78200.0,BC,broker
3110,C003110,personal,retired,0,50,36-83m,low,0,57500.0,AB,mobile
3111,C003111,personal,retired,0,38,36-83m,low,0,32800.0,ON,mobile
3112,C003112,personal,student,0,92,84m+,medium,0,22300.0,ON,branch
3113,C003113,personal,salaried_employee,0,64,36-83m,low,0,37300.0,QC,online
3114,C003114,personal,self_employed,0,46,36-83m,low,0,136600.0,ON,broker
3115,C003115,personal,public_sector,0,43,36-83m,low,0,37500.0,MB,mobile
3116,C003116,business,money_services,0,99,84m+,medium,0,258300.0,QC,branch
3117,C003117,business,import_export,0,105,84m+,low,0,241100.0,ON,mobile
3118,C003118,personal,salaried_employee,0,78,36-83m,low,0,93200.0,ON,online
3119,C003119,business,money_services,0,141,84m+,low,0,399200.0,BC,branch
3120,C003120,business,construction,0,79,36-83m,high,0,203100.0,BC,online
3121,C003121,personal,salaried_employee,0,1,00-11m,low,0,44300.0,ON,branch
3122,C003122,personal,public_sector,0,22,12-35m,low,0,61400.0,QC,branch
3123,C003123,personal,student,0,27,12-35m,high,0,345500.0,ON,online
3124,C003124,business,salon,1,16,12-35m,high,0,95000.0,QC,branch
3125,C003125,personal,salaried_employee,0,29,12-35m,low,0,66500.0,QC,mobile
3126,C003126,business,logistics,0,21,12-35m,medium,0,288400.0,QC,online
3127,C003127,personal,student,0,30,12-35m,low,0,70300.0,ON,online
3128,C003128,personal,self_employed,0,184,84m+,low,0,30600.0,BC,online
3129,C003129,personal,student,0,91,84m+,medium,0,55600.0,ON,mobile
3130,C003130,personal,public_sector,0,22,12-35m,medium,0,163800.0,NS,branch
3131,C003131,personal,salaried_employee,0,135,84m+,low,0,161500.0,ON,broker
3132,C003132,personal,healthcare_worker,0,38,36-83m,medium,0,86000.0,BC,branch
3133,C003133,personal,tradesperson,0,90,84m+,low,0,147700.0,QC,branch
3134,C003134,personal,student,0,67,36-83m,low,0,37700.0,QC,branch
3135,C003135,personal,student,0,49,36-83m,medium,0,37600.0,BC,branch
3136,C003136,personal,tradesperson,0,17,12-35m,low,0,50800.0,QC,broker
3137,C003137,business,consulting,0,159,84m+,medium,0,1052500.0,BC,branch
3138,C003138,personal,salaried_employee,0,46,36-83m,low,0,25400.0,ON,mobile
3139,C003139,personal,healthcare_worker,0,28,12-35m,high,0,107800.0,ON,mobile
3140,C003140,personal,healthcare_worker,0,156,84m+,medium,0,19600.0,QC,mobile
3141,C003141,business,logistics,0,25,12-35m,low,0,752600.0,ON,online
3142,C003142,personal,retired,0,42,36-83m,low,0,69300.0,ON,mobile
3143,C003143,personal,student,0,112,84m+,low,0,33800.0,ON,branch
3144,C003144,personal,public_sector,0,28,12-35m,low,0,98900.0,QC,mobile
3145,C003145,personal,tradesperson,0,22,12-35m,medium,0,67600.0,QC,mobile
3146,C003146,personal,retired,0,22,12-35m,low,0,67400.0,QC,branch
3147,C003147,personal,student,0,178,84m+,low,0,23300.0,ON,online
3148,C003148,personal,retired,0,88,84m+,low,0,51600.0,ON,online
3149,C003149,personal,public_sector,0,17,12-35m,low,0,48500.0,ON,mobile
3150,C003150,personal,public_sector,0,18,12-35m,low,0,87700.0,QC,online
3151,C003151,personal,student,0,14,12-35m,low,0,96100.0,QC,online
3152,C003152,business,consulting,0,32,12-35m,low,0,549800.0,BC,online
3153,C003153,personal,retired,0,74,36-83m,high,0,39300.0,QC,mobile
3154,C003154,personal,self_employed,0,207,84m+,low,0,189300.0,ON,online
3155,C003155,personal,healthcare_worker,0,153,84m+,low,0,115800.0,AB,online
3156,C003156,personal,salaried_employee,0,69,36-83m,medium,0,106300.0,QC,broker
3157,C003157,personal,salaried_employee,0,38,36-83m,low,0,33100.0,ON,online
3158,C003158,personal,student,0,17,12-35m,low,1,26100.0,ON,mobile
3159,C003159,business,convenience_retail,1,78,36-83m,low,0,342800.0,ON,branch
3160,C003160,business,logistics,0,44,36-83m,medium,0,266100.0,ON,branch
3161,C003161,personal,healthcare_worker,0,50,36-83m,low,0,80400.0,ON,branch
3162,C003162,business,auto_dealer,1,14,12-35m,medium,0,812400.0,QC,branch
3163,C003163,personal,public_sector,0,73,36-83m,low,0,67800.0,ON,online
3164,C003164,personal,self_employed,0,91,84m+,low,0,93400.0,AB,branch
3165,C003165,personal,public_sector,0,61,36-83m,high,0,28100.0,ON,online
3166,C003166,personal,self_employed,0,69,36-83m,low,0,82700.0,BC,branch
3167,C003167,personal,salaried_employee,0,14,12-35m,low,0,37800.0,BC,mobile
3168,C003168,business,convenience_retail,1,10,00-11m,low,0,258400.0,QC,branch
3169,C003169,personal,student,0,40,36-83m,low,0,59600.0,ON,online
3170,C003170,personal,healthcare_worker,0,38,36-83m,low,0,81600.0,QC,mobile
3171,C003171,personal,salaried_employee,0,39,36-83m,low,0,51300.0,ON,mobile
3172,C003172,personal,tradesperson,0,29,12-35m,high,0,104800.0,ON,mobile
3173,C003173,personal,salaried_employee,0,31,12-35m,low,0,21500.0,ON,mobile
3174,C003174,personal,salaried_employee,0,46,36-83m,low,0,37800.0,QC,mobile
3175,C003175,personal,self_employed,0,10,00-11m,low,0,21400.0,ON,branch
3176,C003176,personal,public_sector,0,61,36-83m,medium,0,128600.0,ON,branch
3177,C003177,business,construction,0,81,36-83m,low,0,65800.0,QC,branch
3178,C003178,business,convenience_retail,1,57,36-83m,low,0,1090400.0,QC,broker
3179,C003179,personal,salaried_employee,0,17,12-35m,low,0,27400.0,AB,branch
3180,C003180,personal,salaried_employee,0,37,36-83m,low,0,72200.0,AB,branch
3181,C003181,personal,retired,0,68,36-83m,medium,0,80100.0,QC,branch
3182,C003182,personal,salaried_employee,0,10,00-11m,low,0,36600.0,ON,mobile
3183,C003183,business,money_services,0,112,84m+,low,0,321000.0,AB,mobile
3184,C003184,personal,student,0,92,84m+,low,0,221600.0,ON,branch
3185,C003185,personal,tradesperson,0,13,12-35m,medium,0,30800.0,NS,online
3186,C003186,personal,salaried_employee,0,48,36-83m,medium,0,33100.0,AB,mobile
3187,C003187,personal,public_sector,0,99,84m+,low,0,39000.0,ON,online
3188,C003188,personal,public_sector,0,37,36-83m,low,0,55200.0,ON,mobile
3189,C003189,personal,salaried_employee,0,19,12-35m,low,0,57000.0,AB,online
3190,C003190,personal,healthcare_worker,0,139,84m+,low,0,94000.0,BC,online
3191,C003191,personal,self_employed,0,49,36-83m,low,0,66400.0,QC,mobile
3192,C003192,personal,public_sector,0,6,00-11m,medium,0,50300.0,MB,online
3193,C003193,personal,student,0,54,36-83m,low,0,36400.0,QC,branch
3194,C003194,personal,tradesperson,0,36,36-83m,medium,0,108200.0,ON,branch
3195,C003195,business,import_export,0,59,36-83m,low,0,213900.0,AB,online
3196,C003196,personal,student,0,39,36-83m,low,0,59600.0,QC,branch
3197,C003197,personal,healthcare_worker,0,109,84m+,low,0,16400.0,ON,branch
3198,C003198,business,salon,1,14,12-35m,low,0,571200.0,ON,mobile
3199,C003199,personal,self_employed,0,146,84m+,low,0,20700.0,ON,branch
3200,C003200,personal,healthcare_worker,0,79,36-83m,low,0,60900.0,BC,online
3201,C003201,personal,student,0,49,36-83m,low,0,28600.0,BC,mobile
3202,C003202,personal,tradesperson,0,36,36-83m,low,0,47600.0,AB,online
3203,C003203,business,salon,1,6,00-11m,low,0,440900.0,AB,online
3204,C003204,business,money_services,0,21,12-35m,medium,1,649100.0,QC,branch
3205,C003205,personal,salaried_employee,0,65,36-83m,medium,0,75000.0,ON,branch
3206,C003206,personal,retired,0,100,84m+,low,0,32300.0,MB,branch
3207,C003207,personal,self_employed,0,67,36-83m,low,0,27000.0,AB,branch
3208,C003208,personal,tradesperson,0,16,12-35m,low,0,153100.0,ON,branch
3209,C003209,personal,student,0,72,36-83m,low,0,48500.0,AB,branch
3210,C003210,personal,self_employed,0,45,36-83m,low,0,78900.0,BC,online
3211,C003211,personal,student,0,23,12-35m,low,0,66200.0,QC,mobile
3212,C003212,personal,tradesperson,0,107,84m+,low,0,59400.0,ON,branch
3213,C003213,personal,retired,0,25,12-35m,medium,0,88600.0,QC,online
3214,C003214,business,import_export,0,13,12-35m,low,0,277900.0,ON,online
3215,C003215,personal,salaried_employee,0,31,12-35m,low,0,71300.0,ON,mobile
3216,C003216,personal,tradesperson,0,22,12-35m,low,0,51600.0,NS,branch
3217,C003217,personal,self_employed,0,78,36-83m,medium,0,29600.0,BC,online
3218,C003218,business,construction,0,77,36-83m,low,0,503400.0,ON,online
3219,C003219,business,salon,1,71,36-83m,low,0,176000.0,ON,mobile
3220,C003220,business,construction,0,115,84m+,low,0,693900.0,QC,online
3221,C003221,personal,self_employed,0,17,12-35m,low,0,110400.0,ON,online
3222,C003222,personal,public_sector,0,7,00-11m,low,0,30300.0,ON,mobile
3223,C003223,personal,retired,0,26,12-35m,low,0,115000.0,SK,online
3224,C003224,personal,self_employed,0,44,36-83m,low,0,40000.0,ON,online
3225,C003225,personal,self_employed,0,51,36-83m,low,0,31600.0,ON,branch
3226,C003226,personal,salaried_employee,0,67,36-83m,low,0,63500.0,BC,online
3227,C003227,personal,healthcare_worker,0,45,36-83m,low,0,73100.0,QC,mobile
3228,C003228,personal,retired,0,2,00-11m,low,0,42200.0,ON,branch
3229,C003229,personal,healthcare_worker,0,50,36-83m,low,0,114700.0,ON,mobile
3230,C003230,personal,retired,0,16,12-35m,medium,0,36000.0,ON,online
3231,C003231,business,import_export,0,64,36-83m,medium,0,227300.0,QC,online
3232,C003232,personal,retired,0,66,36-83m,low,0,24600.0,SK,online
3233,C003233,business,import_export,0,34,12-35m,low,0,1017400.0,ON,online
3234,C003234,personal,tradesperson,0,56,36-83m,low,0,121200.0,ON,branch
3235,C003235,personal,self_employed,0,29,12-35m,low,0,116100.0,BC,online
3236,C003236,personal,retired,0,58,36-83m,low,0,31200.0,QC,online
3237,C003237,personal,tradesperson,0,12,12-35m,high,0,39700.0,QC,branch
3238,C003238,business,money_services,0,32,12-35m,medium,0,237000.0,ON,branch
3239,C003239,business,construction,0,53,36-83m,low,0,99500.0,ON,branch
3240,C003240,personal,student,0,35,12-35m,low,0,90000.0,ON,online
3241,C003241,personal,retired,0,143,84m+,low,0,43700.0,ON,branch
3242,C003242,personal,tradesperson,0,84,84m+,low,0,37200.0,ON,mobile
3243,C003243,business,import_export,0,34,12-35m,medium,0,381000.0,AB,online
3244,C003244,business,restaurant,1,26,12-35m,low,0,266400.0,ON,mobile
3245,C003245,business,consulting,0,21,12-35m,low,0,260400.0,ON,branch
3246,C003246,personal,salaried_employee,0,79,36-83m,low,0,49600.0,AB,branch
3247,C003247,personal,salaried_employee,0,36,36-83m,high,0,85100.0,BC,online
3248,C003248,personal,retired,0,25,12-35m,low,0,33900.0,MB,branch
3249,C003249,business,consulting,0,42,36-83m,low,0,251500.0,BC,branch
3250,C003250,personal,self_employed,0,7,00-11m,low,0,41900.0,ON,mobile
3251,C003251,personal,public_sector,0,21,12-35m,medium,0,27500.0,MB,branch
3252,C003252,business,auto_dealer,1,3,00-11m,high,0,84600.0,BC,online
3253,C003253,personal,public_sector,0,20,12-35m,low,0,65900.0,AB,mobile
3254,C003254,personal,retired,0,74,36-83m,low,0,73900.0,QC,online
3255,C003255,personal,tradesperson,0,20,12-35m,low,0,77000.0,QC,mobile
3256,C003256,personal,public_sector,0,34,12-35m,high,0,70100.0,AB,branch
3257,C003257,personal,healthcare_worker,0,86,84m+,low,0,24500.0,NS,mobile
3258,C003258,personal,salaried_employee,0,40,36-83m,low,0,160200.0,QC,mobile
3259,C003259,business,salon,1,55,36-83m,low,0,1467400.0,QC,branch
3260,C003260,personal,self_employed,0,54,36-83m,low,0,41000.0,BC,online
3261,C003261,business,logistics,0,69,36-83m,low,0,1024300.0,ON,online
3262,C003262,personal,healthcare_worker,0,95,84m+,low,0,63500.0,AB,broker
3263,C003263,business,restaurant,1,33,12-35m,low,0,497800.0,ON,mobile
3264,C003264,personal,self_employed,0,105,84m+,low,0,36000.0,ON,online
3265,C003265,personal,retired,0,7,00-11m,low,0,55400.0,ON,online
3266,C003266,personal,student,0,147,84m+,low,0,53200.0,QC,branch
3267,C003267,personal,healthcare_worker,0,58,36-83m,high,0,63300.0,ON,mobile
3268,C003268,personal,salaried_employee,0,17,12-35m,low,0,59200.0,QC,mobile
3269,C003269,personal,public_sector,0,94,84m+,low,0,139500.0,SK,online
3270,C003270,personal,retired,0,46,36-83m,medium,0,66600.0,BC,online
3271,C003271,personal,salaried_employee,0,44,36-83m,low,0,57300.0,AB,broker
3272,C003272,personal,student,0,53,36-83m,low,0,115700.0,ON,branch
3273,C003273,personal,student,0,97,84m+,low,0,69400.0,ON,branch
3274,C003274,personal,retired,0,19,12-35m,low,0,95300.0,QC,online
3275,C003275,personal,retired,0,60,36-83m,low,0,37700.0,BC,branch
3276,C003276,personal,salaried_employee,0,59,36-83m,low,0,94500.0,ON,online
3277,C003277,personal,self_employed,0,136,84m+,low,0,220600.0,ON,mobile
3278,C003278,personal,salaried_employee,0,27,12-35m,low,0,61200.0,QC,online
3279,C003279,personal,public_sector,0,64,36-83m,low,0,104300.0,ON,branch
3280,C003280,business,convenience_retail,1,134,84m+,low,0,607200.0,BC,branch
3281,C003281,personal,salaried_employee,0,38,36-83m,low,0,25600.0,ON,online
3282,C003282,personal,self_employed,0,138,84m+,low,0,92300.0,BC,branch
3283,C003283,personal,tradesperson,0,31,12-35m,low,0,86700.0,NS,branch
3284,C003284,personal,tradesperson,0,62,36-83m,low,0,133600.0,AB,mobile
3285,C003285,personal,student,0,167,84m+,medium,0,65100.0,AB,branch
3286,C003286,personal,healthcare_worker,0,112,84m+,medium,0,89500.0,ON,branch
3287,C003287,personal,salaried_employee,0,29,12-35m,low,0,36300.0,ON,branch
3288,C003288,personal,public_sector,0,24,12-35m,low,0,129400.0,ON,online
3289,C003289,personal,salaried_employee,0,108,84m+,low,0,71000.0,ON,branch
3290,C003290,personal,retired,0,19,12-35m,low,0,85400.0,ON,broker
3291,C003291,personal,self_employed,0,66,36-83m,low,0,74900.0,AB,online
3292,C003292,personal,public_sector,0,153,84m+,low,0,54500.0,NS,online
3293,C003293,personal,salaried_employee,0,98,84m+,low,0,80000.0,QC,online
3294,C003294,personal,healthcare_worker,0,47,36-83m,medium,0,65400.0,QC,mobile
3295,C003295,personal,tradesperson,0,95,84m+,low,0,57500.0,ON,online
3296,C003296,business,import_export,0,24,12-35m,low,0,243000.0,ON,mobile
3297,C003297,business,restaurant,1,28,12-35m,medium,0,69100.0,QC,branch
3298,C003298,personal,retired,0,25,12-35m,low,0,151800.0,AB,branch
3299,C003299,personal,healthcare_worker,0,60,36-83m,low,0,23300.0,ON,branch
3300,C003300,personal,self_employed,0,85,84m+,low,0,44400.0,BC,branch
3301,C003301,business,restaurant,1,19,12-35m,high,0,1087500.0,ON,mobile
3302,C003302,personal,student,0,55,36-83m,low,0,95600.0,QC,online
3303,C003303,personal,salaried_employee,0,35,12-35m,low,0,62500.0,AB,branch
3304,C003304,personal,healthcare_worker,0,16,12-35m,low,0,63800.0,ON,mobile
3305,C003305,business,restaurant,1,113,84m+,low,0,364400.0,QC,branch
3306,C003306,personal,tradesperson,0,21,12-35m,high,0,43700.0,ON,mobile
3307,C003307,personal,student,0,176,84m+,low,0,52200.0,ON,online
3308,C003308,personal,retired,0,41,36-83m,low,0,34200.0,ON,branch
3309,C003309,personal,public_sector,0,6,00-11m,low,0,91900.0,AB,online
3310,C003310,business,auto_dealer,1,49,36-83m,medium,0,204700.0,BC,online
3311,C003311,personal,public_sector,0,54,36-83m,low,0,48200.0,ON,mobile
3312,C003312,business,auto_dealer,1,83,36-83m,medium,0,129800.0,QC,branch
3313,C003313,personal,retired,0,104,84m+,low,0,66000.0,AB,broker
3314,C003314,personal,public_sector,0,35,12-35m,low,0,107400.0,ON,branch
3315,C003315,personal,public_sector,0,26,12-35m,medium,0,145500.0,ON,broker
3316,C003316,business,construction,0,40,36-83m,low,0,153300.0,QC,branch
3317,C003317,personal,salaried_employee,0,59,36-83m,high,0,24100.0,ON,online
3318,C003318,personal,public_sector,0,65,36-83m,low,0,89700.0,AB,branch
3319,C003319,personal,healthcare_worker,0,52,36-83m,low,0,61500.0,QC,branch
3320,C003320,personal,retired,0,49,36-83m,low,0,28900.0,QC,branch
3321,C003321,personal,retired,0,15,12-35m,medium,0,61200.0,AB,online
3322,C003322,personal,public_sector,0,43,36-83m,medium,0,55700.0,ON,online
3323,C003323,personal,salaried_employee,0,34,12-35m,medium,0,32600.0,ON,branch
3324,C003324,business,logistics,0,3,00-11m,medium,1,367800.0,ON,online
3325,C003325,business,convenience_retail,1,68,36-83m,high,0,677300.0,ON,broker
3326,C003326,personal,salaried_employee,0,57,36-83m,low,0,32400.0,ON,branch
3327,C003327,business,auto_dealer,1,114,84m+,low,0,183000.0,QC,branch
3328,C003328,personal,self_employed,0,84,84m+,low,0,59700.0,QC,online
3329,C003329,personal,healthcare_worker,0,106,84m+,medium,0,82400.0,BC,branch
3330,C003330,personal,student,0,22,12-35m,high,0,89500.0,BC,branch
3331,C003331,personal,self_employed,0,30,12-35m,low,0,90700.0,AB,branch
3332,C003332,personal,self_employed,0,65,36-83m,low,0,24500.0,BC,online
3333,C003333,personal,self_employed,0,79,36-83m,low,0,164900.0,AB,branch
3334,C003334,personal,tradesperson,0,40,36-83m,low,0,17200.0,AB,branch
3335,C003335,personal,healthcare_worker,0,39,36-83m,low,0,81100.0,ON,online
3336,C003336,personal,public_sector,0,33,12-35m,low,0,117400.0,ON,mobile
3337,C003337,personal,public_sector,0,31,12-35m,low,0,96000.0,AB,mobile
3338,C003338,personal,self_employed,0,85,84m+,high,0,97200.0,ON,branch
3339,C003339,personal,salaried_employee,0,33,12-35m,high,0,39900.0,AB,online
3340,C003340,personal,retired,0,24,12-35m,low,0,77300.0,BC,mobile
3341,C003341,personal,tradesperson,0,40,36-83m,low,0,35200.0,AB,online
3342,C003342,personal,self_employed,0,33,12-35m,low,0,83500.0,NS,mobile
3343,C003343,personal,healthcare_worker,0,40,36-83m,low,0,65200.0,ON,mobile
3344,C003344,personal,salaried_employee,0,66,36-83m,low,0,50600.0,QC,branch
3345,C003345,business,money_services,0,127,84m+,low,0,345400.0,QC,online
3346,C003346,personal,retired,0,79,36-83m,low,0,104300.0,BC,online
3347,C003347,personal,healthcare_worker,0,61,36-83m,low,0,16900.0,AB,branch
3348,C003348,personal,tradesperson,0,55,36-83m,medium,0,110200.0,ON,online
3349,C003349,personal,student,0,86,84m+,low,0,98900.0,ON,online
3350,C003350,business,consulting,0,31,12-35m,low,0,148700.0,ON,branch
3351,C003351,personal,retired,0,68,36-83m,low,0,56500.0,QC,branch
3352,C003352,personal,healthcare_worker,0,13,12-35m,low,0,47800.0,ON,branch
3353,C003353,personal,self_employed,0,97,84m+,medium,0,32300.0,ON,branch
3354,C003354,personal,student,0,43,36-83m,low,0,103200.0,QC,branch
3355,C003355,personal,self_employed,0,46,36-83m,medium,0,84900.0,QC,branch
3356,C003356,personal,tradesperson,0,51,36-83m,low,0,47200.0,AB,mobile
3357,C003357,business,construction,0,152,84m+,low,0,143500.0,BC,mobile
3358,C003358,personal,retired,0,29,12-35m,medium,0,112600.0,AB,online
3359,C003359,personal,tradesperson,0,114,84m+,low,0,57300.0,QC,branch
3360,C003360,personal,self_employed,0,2,00-11m,low,0,53500.0,ON,branch
3361,C003361,personal,salaried_employee,0,65,36-83m,low,0,29300.0,QC,branch
3362,C003362,personal,student,0,144,84m+,low,0,45500.0,ON,branch
3363,C003363,personal,self_employed,0,94,84m+,low,0,52800.0,QC,branch
3364,C003364,personal,public_sector,0,57,36-83m,high,0,37200.0,BC,branch
3365,C003365,personal,salaried_employee,0,68,36-83m,medium,0,21400.0,ON,online
3366,C003366,personal,self_employed,0,6,00-11m,low,0,117300.0,BC,branch
3367,C003367,business,logistics,0,95,84m+,low,0,683700.0,QC,mobile
3368,C003368,business,convenience_retail,1,81,36-83m,low,0,495400.0,ON,branch
3369,C003369,business,restaurant,1,18,12-35m,low,0,153400.0,BC,online
3370,C003370,personal,retired,0,92,84m+,low,0,34300.0,ON,branch
3371,C003371,personal,healthcare_worker,0,88,84m+,low,0,80100.0,ON,online
3372,C003372,personal,salaried_employee,0,56,36-83m,low,0,57400.0,AB,branch
3373,C003373,personal,healthcare_worker,0,37,36-83m,low,0,48300.0,ON,mobile
3374,C003374,personal,retired,0,4,00-11m,high,0,57500.0,ON,broker
3375,C003375,personal,retired,0,65,36-83m,high,0,34000.0,BC,branch
3376,C003376,personal,tradesperson,0,22,12-35m,low,0,45000.0,MB,branch
3377,C003377,personal,self_employed,0,62,36-83m,low,0,21700.0,SK,branch
3378,C003378,personal,healthcare_worker,0,32,12-35m,low,0,70500.0,AB,branch
3379,C003379,personal,student,0,35,12-35m,low,0,127800.0,AB,online
3380,C003380,business,restaurant,1,100,84m+,low,0,161700.0,ON,mobile
3381,C003381,personal,tradesperson,0,8,00-11m,low,0,51500.0,QC,branch
3382,C003382,personal,self_employed,0,32,12-35m,low,0,96700.0,ON,branch
3383,C003383,personal,salaried_employee,0,59,36-83m,low,0,37900.0,ON,branch
3384,C003384,business,construction,0,15,12-35m,low,0,409000.0,ON,branch
3385,C003385,business,restaurant,1,35,12-35m,low,0,139000.0,QC,mobile
3386,C003386,personal,healthcare_worker,0,95,84m+,low,0,48000.0,ON,online
3387,C003387,personal,public_sector,0,101,84m+,low,0,63000.0,NS,online
3388,C003388,personal,tradesperson,0,42,36-83m,medium,0,47000.0,ON,mobile
3389,C003389,personal,public_sector,0,60,36-83m,low,0,31800.0,AB,branch
3390,C003390,personal,public_sector,0,79,36-83m,low,0,125600.0,AB,mobile
3391,C003391,personal,healthcare_worker,0,52,36-83m,low,0,65800.0,QC,branch
3392,C003392,business,import_export,0,83,36-83m,low,0,289500.0,AB,branch
3393,C003393,business,money_services,0,14,12-35m,low,0,258500.0,NS,online
3394,C003394,personal,healthcare_worker,0,51,36-83m,high,0,165700.0,BC,branch
3395,C003395,personal,healthcare_worker,0,21,12-35m,low,0,41500.0,ON,branch
3396,C003396,business,money_services,0,94,84m+,low,0,400300.0,ON,branch
3397,C003397,personal,student,0,78,36-83m,low,0,76500.0,AB,broker
3398,C003398,personal,self_employed,0,32,12-35m,low,1,38600.0,AB,mobile
3399,C003399,business,construction,0,24,12-35m,high,0,213900.0,ON,branch
3400,C003400,personal,public_sector,0,107,84m+,medium,0,50800.0,AB,mobile
3401,C003401,business,consulting,0,111,84m+,low,0,207500.0,ON,branch
3402,C003402,personal,healthcare_worker,0,92,84m+,medium,0,23200.0,QC,branch
3403,C003403,personal,public_sector,0,119,84m+,low,0,48900.0,AB,online
3404,C003404,business,salon,1,33,12-35m,medium,0,88400.0,QC,branch
3405,C003405,personal,student,0,27,12-35m,low,0,43900.0,ON,broker
3406,C003406,personal,retired,0,33,12-35m,low,0,47500.0,ON,online
3407,C003407,business,restaurant,1,34,12-35m,medium,0,212300.0,ON,broker
3408,C003408,personal,self_employed,0,19,12-35m,low,0,40500.0,BC,mobile
3409,C003409,personal,retired,0,66,36-83m,low,0,52400.0,ON,branch
3410,C003410,personal,retired,0,98,84m+,medium,0,48800.0,ON,branch
3411,C003411,personal,healthcare_worker,0,26,12-35m,low,0,92700.0,ON,branch
3412,C003412,personal,retired,0,48,36-83m,low,0,124300.0,AB,branch
3413,C003413,personal,tradesperson,0,35,12-35m,low,0,20500.0,QC,branch
3414,C003414,personal,tradesperson,0,77,36-83m,medium,0,38100.0,BC,online
3415,C003415,business,restaurant,1,57,36-83m,high,0,416800.0,ON,mobile
3416,C003416,personal,retired,0,28,12-35m,low,0,39200.0,SK,online
3417,C003417,personal,healthcare_worker,0,32,12-35m,low,0,97400.0,BC,branch
3418,C003418,personal,public_sector,0,7,00-11m,medium,0,53600.0,AB,online
3419,C003419,personal,healthcare_worker,0,102,84m+,low,0,128400.0,AB,mobile
3420,C003420,personal,student,0,123,84m+,low,0,142900.0,AB,online
3421,C003421,personal,public_sector,0,53,36-83m,low,0,40000.0,ON,broker
3422,C003422,personal,tradesperson,0,50,36-83m,low,0,63600.0,SK,online
3423,C003423,business,auto_dealer,1,50,36-83m,low,0,221200.0,MB,online
3424,C003424,personal,student,0,71,36-83m,high,0,66800.0,AB,branch
3425,C003425,personal,self_employed,0,59,36-83m,low,0,69500.0,AB,online
3426,C003426,business,convenience_retail,1,17,12-35m,low,0,791500.0,MB,branch
3427,C003427,personal,self_employed,0,84,84m+,medium,0,131600.0,QC,branch
3428,C003428,personal,tradesperson,0,7,00-11m,medium,0,40100.0,ON,branch
3429,C003429,business,consulting,0,84,84m+,low,0,490300.0,ON,online
3430,C003430,business,consulting,0,114,84m+,low,0,92500.0,QC,online
3431,C003431,personal,self_employed,0,43,36-83m,low,0,48200.0,SK,branch
3432,C003432,business,salon,1,17,12-35m,low,0,448900.0,BC,branch
3433,C003433,personal,healthcare_worker,0,33,12-35m,low,0,38200.0,AB,online
3434,C003434,personal,self_employed,0,101,84m+,low,0,58800.0,ON,online
3435,C003435,personal,tradesperson,0,51,36-83m,low,0,49700.0,ON,online
3436,C003436,business,consulting,0,12,12-35m,medium,0,496200.0,NS,branch
3437,C003437,personal,retired,0,83,36-83m,low,0,45600.0,ON,online
3438,C003438,personal,retired,0,6,00-11m,low,0,96700.0,ON,broker
3439,C003439,personal,public_sector,0,107,84m+,high,0,81500.0,ON,online
3440,C003440,personal,salaried_employee,0,115,84m+,low,0,41900.0,BC,branch
3441,C003441,personal,student,0,62,36-83m,low,0,16400.0,ON,online
3442,C003442,personal,self_employed,0,43,36-83m,medium,0,112200.0,ON,branch
3443,C003443,personal,retired,0,57,36-83m,low,0,16900.0,QC,online
3444,C003444,personal,retired,0,58,36-83m,low,0,84900.0,ON,branch
3445,C003445,business,construction,0,60,36-83m,low,0,254500.0,ON,mobile
3446,C003446,personal,student,0,96,84m+,low,0,99900.0,QC,mobile
3447,C003447,personal,salaried_employee,0,67,36-83m,medium,0,100800.0,BC,online
3448,C003448,personal,student,0,70,36-83m,low,0,72300.0,QC,branch
3449,C003449,personal,tradesperson,0,38,36-83m,low,0,40100.0,AB,online
3450,C003450,business,construction,0,11,00-11m,low,0,380600.0,QC,online
3451,C003451,business,import_export,0,20,12-35m,medium,0,165200.0,BC,online
3452,C003452,business,money_services,0,35,12-35m,medium,0,401400.0,ON,branch
3453,C003453,personal,self_employed,0,166,84m+,low,0,61800.0,BC,branch
3454,C003454,personal,public_sector,0,15,12-35m,medium,0,43100.0,AB,branch
3455,C003455,personal,retired,0,53,36-83m,medium,0,55400.0,ON,branch
3456,C003456,personal,tradesperson,0,38,36-83m,medium,0,52400.0,QC,online
3457,C003457,personal,retired,0,138,84m+,low,0,59300.0,BC,branch
3458,C003458,business,auto_dealer,1,50,36-83m,low,0,147700.0,BC,branch
3459,C003459,personal,self_employed,0,85,84m+,medium,0,24600.0,BC,online
3460,C003460,personal,retired,0,68,36-83m,high,0,68300.0,QC,branch
3461,C003461,personal,healthcare_worker,0,27,12-35m,high,0,62600.0,AB,branch
3462,C003462,personal,retired,0,112,84m+,medium,0,53500.0,AB,mobile
3463,C003463,personal,retired,0,225,84m+,low,0,38200.0,QC,online
3464,C003464,personal,healthcare_worker,0,131,84m+,low,0,30000.0,QC,branch
3465,C003465,business,auto_dealer,1,16,12-35m,low,0,152000.0,NS,mobile
3466,C003466,business,restaurant,1,47,36-83m,low,0,285000.0,QC,online
3467,C003467,personal,salaried_employee,0,27,12-35m,low,0,47600.0,NS,online
3468,C003468,business,salon,1,73,36-83m,low,0,87200.0,BC,branch
3469,C003469,personal,self_employed,0,39,36-83m,low,0,27900.0,ON,branch
3470,C003470,personal,self_employed,0,65,36-83m,low,0,52800.0,ON,mobile
3471,C003471,business,money_services,0,142,84m+,low,0,665200.0,ON,online
3472,C003472,personal,salaried_employee,0,82,36-83m,low,0,47900.0,AB,online
3473,C003473,personal,tradesperson,0,117,84m+,low,0,28000.0,ON,online
3474,C003474,business,import_export,0,56,36-83m,low,0,311700.0,MB,branch
3475,C003475,personal,salaried_employee,0,96,84m+,medium,0,117200.0,BC,mobile
3476,C003476,personal,retired,0,98,84m+,low,0,77200.0,BC,online
3477,C003477,personal,healthcare_worker,0,186,84m+,low,0,71100.0,QC,branch
3478,C003478,business,construction,0,54,36-83m,high,0,160100.0,AB,branch
3479,C003479,personal,retired,0,21,12-35m,low,0,112400.0,BC,online
3480,C003480,business,money_services,0,52,36-83m,high,0,845600.0,BC,branch
3481,C003481,business,restaurant,1,78,36-83m,medium,1,1354600.0,ON,broker
3482,C003482,personal,student,0,155,84m+,low,0,91800.0,QC,mobile
3483,C003483,personal,self_employed,0,95,84m+,medium,0,25200.0,QC,branch
3484,C003484,personal,tradesperson,0,101,84m+,low,0,30300.0,MB,online
3485,C003485,personal,public_sector,0,35,12-35m,medium,0,57400.0,ON,branch
3486,C003486,personal,student,0,62,36-83m,low,0,43600.0,ON,branch
3487,C003487,personal,salaried_employee,0,39,36-83m,low,0,24000.0,QC,branch
3488,C003488,personal,retired,0,39,36-83m,low,0,65000.0,BC,branch
3489,C003489,personal,student,0,15,12-35m,low,0,38500.0,ON,online
3490,C003490,personal,self_employed,0,37,36-83m,low,0,126100.0,ON,online
3491,C003491,business,money_services,0,26,12-35m,low,0,1343000.0,AB,branch
3492,C003492,personal,self_employed,0,105,84m+,low,0,103600.0,QC,branch
3493,C003493,business,restaurant,1,19,12-35m,low,0,188700.0,QC,online
3494,C003494,personal,tradesperson,0,120,84m+,low,0,54300.0,BC,branch
3495,C003495,personal,self_employed,0,121,84m+,high,0,20800.0,ON,broker
3496,C003496,personal,tradesperson,0,75,36-83m,medium,0,94600.0,ON,branch
3497,C003497,business,salon,1,12,12-35m,low,0,1225200.0,ON,branch
3498,C003498,business,restaurant,1,95,84m+,low,0,178200.0,QC,online
3499,C003499,personal,tradesperson,0,71,36-83m,medium,0,207100.0,ON,broker
3500,C003500,personal,self_employed,0,14,12-35m,low,1,74000.0,QC,online
3501,C003501,business,salon,1,39,36-83m,low,0,651700.0,SK,mobile
3502,C003502,personal,tradesperson,0,84,84m+,medium,0,88800.0,BC,branch
3503,C003503,business,restaurant,1,78,36-83m,medium,0,100200.0,BC,mobile
3504,C003504,personal,salaried_employee,0,14,12-35m,low,0,67100.0,ON,online
3505,C003505,business,consulting,0,31,12-35m,low,0,163900.0,ON,mobile
3506,C003506,personal,tradesperson,0,19,12-35m,low,0,54100.0,ON,branch
3507,C003507,personal,self_employed,0,29,12-35m,low,0,109900.0,ON,mobile
3508,C003508,business,logistics,0,53,36-83m,low,0,151700.0,MB,branch
3509,C003509,personal,self_employed,0,36,36-83m,low,0,102900.0,AB,broker
3510,C003510,personal,healthcare_worker,0,27,12-35m,low,0,99600.0,AB,broker
3511,C003511,personal,self_employed,0,92,84m+,low,0,177300.0,QC,online
3512,C003512,personal,retired,0,48,36-83m,low,0,141700.0,BC,online
3513,C003513,personal,student,0,93,84m+,medium,0,93900.0,AB,branch
3514,C003514,personal,salaried_employee,0,49,36-83m,low,0,61800.0,ON,branch
3515,C003515,personal,retired,0,70,36-83m,low,0,45900.0,ON,branch
3516,C003516,personal,salaried_employee,0,64,36-83m,high,0,86100.0,AB,online
3517,C003517,personal,public_sector,0,74,36-83m,low,0,61600.0,BC,online
3518,C003518,personal,public_sector,0,152,84m+,low,0,28600.0,ON,mobile
3519,C003519,personal,healthcare_worker,0,68,36-83m,low,0,52600.0,SK,online
3520,C003520,personal,retired,0,10,00-11m,low,0,76700.0,AB,broker
3521,C003521,personal,salaried_employee,0,29,12-35m,high,0,56200.0,BC,branch
3522,C003522,business,import_export,0,96,84m+,high,0,194800.0,QC,branch
3523,C003523,business,construction,0,113,84m+,low,0,158900.0,ON,online
3524,C003524,personal,self_employed,0,64,36-83m,medium,0,94700.0,ON,online
3525,C003525,personal,salaried_employee,0,49,36-83m,low,0,102800.0,QC,online
3526,C003526,business,logistics,0,57,36-83m,low,0,251200.0,MB,online
3527,C003527,business,import_export,0,40,36-83m,low,0,126900.0,AB,branch
3528,C003528,business,money_services,0,59,36-83m,low,0,893200.0,ON,branch
3529,C003529,personal,salaried_employee,0,58,36-83m,low,0,56800.0,ON,mobile
3530,C003530,personal,healthcare_worker,0,108,84m+,high,0,113400.0,QC,online
3531,C003531,personal,student,0,44,36-83m,high,0,37600.0,ON,branch
3532,C003532,personal,tradesperson,0,49,36-83m,low,0,127900.0,ON,mobile
3533,C003533,personal,public_sector,0,44,36-83m,low,0,62200.0,QC,branch
3534,C003534,personal,public_sector,0,22,12-35m,low,0,55500.0,BC,online
3535,C003535,personal,self_employed,0,8,00-11m,high,0,41300.0,AB,branch
3536,C003536,personal,public_sector,0,175,84m+,low,0,38900.0,ON,online
3537,C003537,business,convenience_retail,1,67,36-83m,low,0,317600.0,QC,mobile
3538,C003538,personal,retired,0,9,00-11m,low,0,76200.0,BC,branch
3539,C003539,personal,self_employed,0,17,12-35m,low,0,56500.0,QC,broker
3540,C003540,personal,tradesperson,0,27,12-35m,low,0,81900.0,QC,mobile
3541,C003541,personal,tradesperson,0,12,12-35m,low,0,65400.0,ON,branch
3542,C003542,personal,student,0,25,12-35m,low,0,59500.0,QC,branch
3543,C003543,business,auto_dealer,1,26,12-35m,low,0,306300.0,ON,online
3544,C003544,personal,student,0,78,36-83m,low,0,62500.0,AB,branch
3545,C003545,personal,retired,0,68,36-83m,low,0,23300.0,MB,broker
3546,C003546,personal,salaried_employee,0,36,36-83m,low,0,14400.0,ON,mobile
3547,C003547,business,consulting,0,49,36-83m,low,0,123800.0,ON,branch
3548,C003548,business,salon,1,26,12-35m,low,0,224300.0,QC,mobile
3549,C003549,personal,salaried_employee,0,48,36-83m,low,0,83100.0,QC,branch
3550,C003550,personal,tradesperson,0,36,36-83m,medium,0,56500.0,ON,mobile
3551,C003551,personal,salaried_employee,0,38,36-83m,medium,0,56300.0,BC,branch
3552,C003552,personal,healthcare_worker,0,30,12-35m,low,1,21900.0,ON,online
3553,C003553,personal,tradesperson,0,16,12-35m,low,0,41000.0,AB,branch
3554,C003554,business,money_services,0,125,84m+,medium,0,355400.0,BC,online
3555,C003555,personal,salaried_employee,0,20,12-35m,low,0,73900.0,AB,online
3556,C003556,personal,retired,0,17,12-35m,medium,0,71400.0,ON,branch
3557,C003557,personal,tradesperson,0,50,36-83m,medium,0,91400.0,AB,online
3558,C003558,personal,public_sector,0,206,84m+,medium,0,76500.0,BC,branch
3559,C003559,personal,retired,0,112,84m+,low,0,82400.0,SK,branch
3560,C003560,personal,retired,0,77,36-83m,low,0,168500.0,QC,mobile
3561,C003561,personal,tradesperson,0,98,84m+,low,0,50400.0,QC,mobile
3562,C003562,personal,salaried_employee,0,43,36-83m,low,0,26300.0,AB,mobile
3563,C003563,personal,public_sector,0,114,84m+,medium,0,72500.0,AB,online
3564,C003564,business,auto_dealer,1,19,12-35m,low,0,1290600.0,ON,broker
3565,C003565,personal,student,0,57,36-83m,low,0,36800.0,AB,branch
3566,C003566,business,restaurant,1,75,36-83m,low,0,1635600.0,ON,online
3567,C003567,business,construction,0,17,12-35m,low,0,364200.0,QC,mobile
3568,C003568,business,logistics,0,41,36-83m,medium,0,329400.0,BC,mobile
3569,C003569,business,import_export,0,49,36-83m,medium,0,33200.0,AB,online
3570,C003570,personal,student,0,52,36-83m,low,0,32700.0,QC,mobile
3571,C003571,personal,student,0,9,00-11m,low,0,51500.0,ON,online
3572,C003572,business,auto_dealer,1,18,12-35m,low,0,973600.0,BC,branch
3573,C003573,personal,retired,0,84,84m+,low,0,41000.0,ON,branch
3574,C003574,personal,student,0,139,84m+,low,0,59800.0,BC,mobile
3575,C003575,personal,retired,0,46,36-83m,low,0,39000.0,QC,mobile
3576,C003576,personal,public_sector,0,59,36-83m,low,0,79500.0,AB,branch
3577,C003577,personal,self_employed,0,119,84m+,low,0,96700.0,BC,branch
3578,C003578,business,construction,0,129,84m+,medium,0,301300.0,QC,branch
3579,C003579,personal,retired,0,113,84m+,low,0,109100.0,AB,online
3580,C003580,personal,self_employed,0,71,36-83m,low,0,83100.0,MB,branch
3581,C003581,business,convenience_retail,1,66,36-83m,low,0,310300.0,QC,branch
3582,C003582,personal,healthcare_worker,0,47,36-83m,low,0,31500.0,AB,branch
3583,C003583,personal,salaried_employee,0,42,36-83m,medium,0,38900.0,QC,online
3584,C003584,personal,healthcare_worker,0,59,36-83m,medium,0,41100.0,ON,online
3585,C003585,business,logistics,0,44,36-83m,high,0,189400.0,QC,online
3586,C003586,personal,self_employed,0,130,84m+,low,0,113700.0,BC,branch
3587,C003587,business,restaurant,1,89,84m+,low,0,198900.0,QC,branch
3588,C003588,personal,salaried_employee,0,25,12-35m,low,0,108800.0,ON,branch
3589,C003589,business,auto_dealer,1,155,84m+,low,0,379400.0,AB,mobile
3590,C003590,business,construction,0,73,36-83m,low,0,284300.0,QC,branch
3591,C003591,personal,healthcare_worker,0,10,00-11m,low,0,37300.0,ON,branch
3592,C003592,personal,self_employed,0,48,36-83m,low,0,83900.0,ON,online
3593,C003593,personal,retired,0,32,12-35m,high,0,107400.0,ON,broker
3594,C003594,business,construction,0,79,36-83m,low,0,208500.0,ON,branch
3595,C003595,personal,tradesperson,0,44,36-83m,medium,0,59000.0,BC,branch
3596,C003596,personal,self_employed,0,26,12-35m,low,0,52000.0,QC,online
3597,C003597,personal,salaried_employee,0,13,12-35m,low,0,58600.0,BC,branch
3598,C003598,business,import_export,0,80,36-83m,low,0,591300.0,BC,mobile
3599,C003599,personal,healthcare_worker,0,106,84m+,low,0,35100.0,QC,branch
3600,C003600,personal,salaried_employee,0,58,36-83m,low,0,79900.0,AB,online
3601,C003601,business,auto_dealer,1,67,36-83m,low,0,882600.0,ON,mobile
3602,C003602,business,consulting,0,26,12-35m,medium,0,220500.0,ON,branch
3603,C003603,personal,self_employed,0,49,36-83m,low,0,52000.0,BC,branch
3604,C003604,personal,tradesperson,0,61,36-83m,low,0,13400.0,ON,online
3605,C003605,business,money_services,0,99,84m+,low,0,429600.0,ON,branch
3606,C003606,business,convenience_retail,1,41,36-83m,low,0,93100.0,ON,mobile
3607,C003607,personal,public_sector,0,16,12-35m,medium,0,76100.0,ON,online
3608,C003608,personal,tradesperson,0,27,12-35m,low,0,23500.0,ON,mobile
3609,C003609,personal,healthcare_worker,0,105,84m+,medium,0,45200.0,ON,broker
3610,C003610,personal,public_sector,0,120,84m+,medium,0,84200.0,QC,branch
3611,C003611,business,money_services,0,11,00-11m,low,0,769700.0,QC,broker
3612,C003612,personal,healthcare_worker,0,51,36-83m,low,0,36800.0,QC,branch
3613,C003613,personal,healthcare_worker,0,118,84m+,high,0,35200.0,BC,mobile
3614,C003614,personal,self_employed,0,91,84m+,low,0,59700.0,BC,online
3615,C003615,business,logistics,0,83,36-83m,low,0,166100.0,ON,branch
3616,C003616,personal,healthcare_worker,0,87,84m+,low,0,52900.0,ON,online
3617,C003617,personal,salaried_employee,0,16,12-35m,high,0,68500.0,AB,branch
3618,C003618,personal,retired,0,101,84m+,high,0,81100.0,BC,online
3619,C003619,personal,retired,0,86,84m+,high,1,42900.0,BC,mobile
3620,C003620,personal,public_sector,0,49,36-83m,medium,0,33700.0,ON,branch
3621,C003621,personal,student,0,39,36-83m,medium,0,49100.0,ON,branch
3622,C003622,personal,student,0,34,12-35m,low,0,48500.0,ON,mobile
3623,C003623,personal,healthcare_worker,0,3,00-11m,high,0,153600.0,ON,branch
3624,C003624,personal,healthcare_worker,0,45,36-83m,low,0,42800.0,ON,mobile
3625,C003625,personal,tradesperson,0,106,84m+,low,0,133600.0,AB,online
3626,C003626,personal,healthcare_worker,0,11,00-11m,high,0,69200.0,QC,branch
3627,C003627,personal,self_employed,0,29,12-35m,low,0,21300.0,AB,online
3628,C003628,personal,public_sector,0,93,84m+,low,0,60000.0,ON,branch
3629,C003629,personal,salaried_employee,0,38,36-83m,low,0,27200.0,ON,mobile
3630,C003630,personal,retired,0,93,84m+,low,0,70100.0,ON,branch
3631,C003631,personal,self_employed,0,89,84m+,low,0,97500.0,ON,branch
3632,C003632,personal,tradesperson,0,81,36-83m,medium,0,49900.0,ON,online
3633,C003633,business,convenience_retail,1,69,36-83m,low,0,1158500.0,QC,branch
3634,C003634,business,construction,0,128,84m+,high,0,180200.0,QC,online
3635,C003635,business,construction,0,28,12-35m,medium,0,249000.0,ON,mobile
3636,C003636,personal,salaried_employee,0,38,36-83m,medium,0,31400.0,SK,branch
3637,C003637,business,consulting,0,187,84m+,low,0,573900.0,ON,branch
3638,C003638,personal,self_employed,0,45,36-83m,low,0,85000.0,ON,online
3639,C003639,personal,retired,0,25,12-35m,low,0,109700.0,QC,online
3640,C003640,personal,tradesperson,0,153,84m+,low,0,84600.0,ON,branch
3641,C003641,personal,healthcare_worker,0,30,12-35m,low,0,174800.0,ON,branch
3642,C003642,personal,healthcare_worker,0,25,12-35m,high,0,108100.0,AB,online
3643,C003643,personal,healthcare_worker,0,110,84m+,low,0,135800.0,AB,mobile
3644,C003644,personal,healthcare_worker,0,30,12-35m,low,0,94100.0,BC,mobile
3645,C003645,personal,tradesperson,0,31,12-35m,low,0,72900.0,ON,online
3646,C003646,personal,retired,0,32,12-35m,low,0,88800.0,MB,branch
3647,C003647,business,convenience_retail,1,90,84m+,medium,0,124100.0,AB,branch
3648,C003648,personal,public_sector,0,97,84m+,low,0,53700.0,QC,branch
3649,C003649,personal,student,0,54,36-83m,low,0,30300.0,QC,branch
3650,C003650,business,convenience_retail,1,107,84m+,high,0,270100.0,AB,online
3651,C003651,business,auto_dealer,1,39,36-83m,medium,0,698700.0,ON,online
3652,C003652,personal,self_employed,0,98,84m+,low,0,113600.0,BC,online
3653,C003653,personal,self_employed,0,17,12-35m,medium,0,33600.0,ON,branch
3654,C003654,personal,public_sector,0,38,36-83m,low,0,37600.0,MB,branch
3655,C003655,business,import_export,0,72,36-83m,low,0,105100.0,SK,online
3656,C003656,personal,retired,0,30,12-35m,medium,0,88500.0,AB,mobile
3657,C003657,personal,healthcare_worker,0,29,12-35m,low,0,40400.0,ON,branch
3658,C003658,business,money_services,0,47,36-83m,low,0,361100.0,AB,mobile
3659,C003659,personal,salaried_employee,0,82,36-83m,medium,0,44400.0,QC,branch
3660,C003660,business,salon,1,45,36-83m,medium,0,283100.0,ON,branch
3661,C003661,personal,healthcare_worker,0,30,12-35m,low,0,70000.0,ON,broker
3662,C003662,business,money_services,0,41,36-83m,high,0,249500.0,AB,branch
3663,C003663,personal,healthcare_worker,0,90,84m+,low,0,47600.0,BC,mobile
3664,C003664,personal,self_employed,0,36,36-83m,low,0,139200.0,QC,branch
3665,C003665,personal,self_employed,0,110,84m+,low,0,67300.0,ON,online
3666,C003666,business,import_export,0,16,12-35m,low,0,430300.0,NS,online
3667,C003667,personal,retired,0,51,36-83m,low,0,62100.0,ON,online
3668,C003668,personal,tradesperson,0,53,36-83m,low,0,39000.0,QC,branch
3669,C003669,personal,self_employed,0,68,36-83m,high,0,36300.0,BC,branch
3670,C003670,personal,tradesperson,0,39,36-83m,low,0,59400.0,MB,mobile
3671,C003671,business,restaurant,1,212,84m+,high,0,70200.0,QC,branch
3672,C003672,personal,retired,0,52,36-83m,low,0,40300.0,ON,online
3673,C003673,personal,healthcare_worker,0,83,36-83m,low,0,65300.0,AB,online
3674,C003674,personal,public_sector,0,112,84m+,low,0,62600.0,ON,branch
3675,C003675,personal,tradesperson,0,51,36-83m,low,0,113900.0,BC,online
3676,C003676,personal,healthcare_worker,0,67,36-83m,low,0,96400.0,ON,mobile
3677,C003677,business,construction,0,19,12-35m,low,0,424600.0,QC,mobile
3678,C003678,business,money_services,0,31,12-35m,medium,0,289600.0,SK,online
3679,C003679,personal,student,0,70,36-83m,low,0,44900.0,QC,branch
3680,C003680,business,construction,0,55,36-83m,low,0,473900.0,AB,mobile
3681,C003681,business,import_export,0,34,12-35m,low,0,69800.0,AB,mobile
3682,C003682,personal,self_employed,0,46,36-83m,low,0,156000.0,SK,mobile
3683,C003683,personal,healthcare_worker,0,29,12-35m,medium,0,42800.0,ON,online
3684,C003684,personal,student,0,121,84m+,medium,0,29900.0,ON,mobile
3685,C003685,personal,public_sector,0,19,12-35m,low,0,35600.0,ON,online
3686,C003686,personal,public_sector,0,104,84m+,low,0,39200.0,ON,online
3687,C003687,business,money_services,0,124,84m+,low,0,258700.0,NS,mobile
3688,C003688,personal,student,0,70,36-83m,low,0,85400.0,ON,online
3689,C003689,business,consulting,0,84,84m+,low,0,757900.0,QC,mobile
3690,C003690,personal,healthcare_worker,0,59,36-83m,low,0,50100.0,BC,branch
3691,C003691,personal,salaried_employee,0,32,12-35m,high,0,34500.0,BC,broker
3692,C003692,business,restaurant,1,174,84m+,medium,0,793500.0,ON,online
3693,C003693,personal,tradesperson,0,39,36-83m,low,0,26700.0,BC,branch
3694,C003694,personal,tradesperson,0,71,36-83m,medium,0,56100.0,ON,broker
3695,C003695,personal,healthcare_worker,0,31,12-35m,medium,0,81600.0,MB,mobile
3696,C003696,business,logistics,0,50,36-83m,medium,0,295700.0,ON,branch
3697,C003697,personal,retired,0,16,12-35m,medium,0,27500.0,SK,branch
3698,C003698,personal,public_sector,0,12,12-35m,low,0,85200.0,MB,branch
3699,C003699,personal,self_employed,0,18,12-35m,medium,0,69600.0,SK,online
3700,C003700,personal,healthcare_worker,0,21,12-35m,low,0,233500.0,ON,mobile
3701,C003701,personal,public_sector,0,56,36-83m,high,0,38600.0,QC,mobile
3702,C003702,personal,salaried_employee,0,64,36-83m,low,0,99300.0,ON,branch
3703,C003703,business,salon,1,71,36-83m,low,0,515100.0,ON,branch
3704,C003704,personal,self_employed,0,89,84m+,medium,0,55000.0,QC,online
3705,C003705,personal,public_sector,0,16,12-35m,medium,0,57100.0,QC,branch
3706,C003706,business,salon,1,91,84m+,low,0,209100.0,QC,online
3707,C003707,personal,healthcare_worker,0,98,84m+,low,0,33000.0,ON,online
3708,C003708,personal,public_sector,0,59,36-83m,low,0,164900.0,ON,online
3709,C003709,personal,self_employed,0,56,36-83m,medium,0,63300.0,ON,branch
3710,C003710,business,restaurant,1,96,84m+,low,0,529500.0,ON,mobile
3711,C003711,personal,retired,0,46,36-83m,low,0,21700.0,QC,branch
3712,C003712,personal,self_employed,0,91,84m+,low,0,52200.0,ON,branch
3713,C003713,personal,self_employed,0,90,84m+,low,0,31700.0,QC,mobile
3714,C003714,personal,salaried_employee,0,89,84m+,low,0,75400.0,BC,branch
3715,C003715,business,auto_dealer,1,72,36-83m,low,0,231500.0,BC,online
3716,C003716,personal,self_employed,0,179,84m+,low,0,59900.0,ON,branch
3717,C003717,business,convenience_retail,1,22,12-35m,low,0,223400.0,BC,broker
3718,C003718,business,restaurant,1,40,36-83m,low,0,631800.0,ON,mobile
3719,C003719,business,consulting,0,107,84m+,medium,0,652200.0,ON,branch
3720,C003720,personal,healthcare_worker,0,50,36-83m,low,0,49900.0,AB,online
3721,C003721,personal,salaried_employee,0,41,36-83m,low,0,64500.0,ON,mobile
3722,C003722,business,convenience_retail,1,142,84m+,low,0,99100.0,NS,online
3723,C003723,personal,student,0,82,36-83m,low,0,77600.0,QC,branch
3724,C003724,personal,student,0,144,84m+,low,0,65700.0,NS,broker
3725,C003725,personal,public_sector,0,55,36-83m,low,0,73700.0,ON,online
3726,C003726,business,salon,1,36,36-83m,medium,0,423000.0,QC,online
3727,C003727,personal,public_sector,0,22,12-35m,low,0,42700.0,ON,online
3728,C003728,personal,retired,0,75,36-83m,medium,0,83100.0,SK,branch
3729,C003729,personal,tradesperson,0,172,84m+,medium,0,56400.0,AB,branch
3730,C003730,personal,student,0,65,36-83m,low,0,20200.0,ON,branch
3731,C003731,business,consulting,0,46,36-83m,low,0,80300.0,ON,mobile
3732,C003732,personal,salaried_employee,0,50,36-83m,low,0,43500.0,MB,online
3733,C003733,business,import_export,0,47,36-83m,low,0,213700.0,BC,branch
3734,C003734,personal,tradesperson,0,161,84m+,low,0,102600.0,ON,online
3735,C003735,personal,student,0,39,36-83m,low,0,60800.0,BC,online
3736,C003736,business,consulting,0,29,12-35m,low,0,635100.0,ON,online
3737,C003737,personal,self_employed,0,36,36-83m,low,0,43100.0,BC,online
3738,C003738,business,logistics,0,14,12-35m,low,0,98400.0,SK,branch
3739,C003739,business,salon,1,32,12-35m,medium,0,966200.0,ON,mobile
3740,C003740,personal,salaried_employee,0,15,12-35m,low,0,23400.0,ON,mobile
3741,C003741,business,money_services,0,78,36-83m,low,0,179900.0,MB,mobile
3742,C003742,business,construction,0,93,84m+,medium,0,124000.0,BC,mobile
3743,C003743,personal,healthcare_worker,0,7,00-11m,low,0,26900.0,BC,branch
3744,C003744,personal,public_sector,0,49,36-83m,low,0,36100.0,ON,branch
3745,C003745,personal,healthcare_worker,0,74,36-83m,medium,0,33500.0,ON,mobile
3746,C003746,business,salon,1,15,12-35m,low,0,123700.0,AB,online
3747,C003747,personal,public_sector,0,69,36-83m,low,0,82300.0,QC,branch
3748,C003748,personal,retired,0,24,12-35m,low,0,79000.0,QC,branch
3749,C003749,personal,self_employed,0,172,84m+,low,0,34200.0,ON,online
3750,C003750,personal,self_employed,0,77,36-83m,low,0,35600.0,QC,online
3751,C003751,personal,tradesperson,0,11,00-11m,low,0,44700.0,BC,branch
3752,C003752,personal,self_employed,0,85,84m+,low,0,15200.0,ON,online
3753,C003753,personal,student,0,43,36-83m,low,0,52200.0,QC,online
3754,C003754,personal,retired,0,27,12-35m,medium,0,38000.0,AB,branch
3755,C003755,business,logistics,0,91,84m+,low,0,322600.0,ON,online
3756,C003756,personal,student,0,61,36-83m,high,0,60400.0,AB,branch
3757,C003757,personal,public_sector,0,33,12-35m,medium,0,60800.0,MB,broker
3758,C003758,personal,student,0,30,12-35m,low,0,108100.0,AB,branch
3759,C003759,personal,salaried_employee,0,144,84m+,low,0,83500.0,QC,branch
3760,C003760,personal,public_sector,0,71,36-83m,low,0,122500.0,ON,branch
3761,C003761,personal,salaried_employee,0,52,36-83m,low,0,75900.0,ON,branch
3762,C003762,business,import_export,0,74,36-83m,medium,0,810800.0,NS,branch
3763,C003763,personal,public_sector,0,85,84m+,low,0,57400.0,AB,branch
3764,C003764,personal,salaried_employee,0,139,84m+,low,0,98100.0,ON,online
3765,C003765,personal,self_employed,0,95,84m+,medium,0,86100.0,ON,mobile
3766,C003766,personal,retired,0,34,12-35m,low,0,44900.0,QC,mobile
3767,C003767,personal,salaried_employee,0,79,36-83m,low,0,56600.0,QC,broker
3768,C003768,personal,self_employed,0,47,36-83m,low,0,91100.0,BC,mobile
3769,C003769,personal,salaried_employee,0,17,12-35m,medium,0,80200.0,AB,branch
3770,C003770,personal,retired,0,23,12-35m,low,0,106600.0,ON,online
3771,C003771,business,salon,1,70,36-83m,medium,0,459800.0,MB,broker
3772,C003772,personal,self_employed,0,60,36-83m,low,0,37900.0,BC,branch
3773,C003773,business,restaurant,1,88,84m+,medium,0,579200.0,BC,online
3774,C003774,business,restaurant,1,84,84m+,low,0,2424800.0,BC,mobile
3775,C003775,personal,public_sector,0,61,36-83m,low,0,54300.0,QC,branch
3776,C003776,personal,student,0,117,84m+,low,0,32100.0,ON,online
3777,C003777,personal,tradesperson,0,81,36-83m,low,0,38900.0,ON,branch
3778,C003778,personal,self_employed,0,154,84m+,low,0,21700.0,NS,online
3779,C003779,personal,self_employed,0,52,36-83m,low,0,117200.0,ON,branch
3780,C003780,personal,retired,0,23,12-35m,low,0,78200.0,ON,branch
3781,C003781,business,import_export,0,17,12-35m,low,0,366500.0,QC,mobile
3782,C003782,personal,retired,0,56,36-83m,low,0,11300.0,ON,online
3783,C003783,personal,healthcare_worker,0,26,12-35m,medium,0,69600.0,ON,online
3784,C003784,personal,self_employed,0,52,36-83m,medium,0,40000.0,MB,online
3785,C003785,personal,healthcare_worker,0,81,36-83m,high,0,53400.0,BC,online
3786,C003786,personal,retired,0,30,12-35m,medium,0,57500.0,BC,branch
3787,C003787,personal,student,0,22,12-35m,low,0,173300.0,BC,online
3788,C003788,personal,salaried_employee,0,8,00-11m,low,0,86700.0,BC,online
3789,C003789,business,salon,1,71,36-83m,medium,0,714600.0,AB,branch
3790,C003790,business,restaurant,1,35,12-35m,low,0,1389000.0,QC,branch
3791,C003791,personal,healthcare_worker,0,99,84m+,low,0,57200.0,ON,branch
3792,C003792,business,consulting,0,13,12-35m,medium,0,721700.0,ON,online
3793,C003793,personal,retired,0,25,12-35m,low,0,45100.0,ON,mobile
3794,C003794,personal,tradesperson,0,175,84m+,medium,0,104800.0,QC,branch
3795,C003795,business,import_export,0,23,12-35m,low,0,143400.0,BC,online
3796,C003796,personal,public_sector,0,67,36-83m,low,0,99800.0,NS,branch
3797,C003797,business,consulting,0,58,36-83m,low,0,865900.0,ON,mobile
3798,C003798,personal,retired,0,68,36-83m,low,0,71000.0,AB,branch
3799,C003799,business,convenience_retail,1,68,36-83m,high,0,1189000.0,ON,broker
3800,C003800,personal,student,0,19,12-35m,medium,0,39300.0,AB,broker
3801,C003801,business,consulting,0,12,12-35m,low,0,107900.0,MB,mobile
3802,C003802,personal,public_sector,0,59,36-83m,low,0,142700.0,QC,branch
3803,C003803,business,construction,0,76,36-83m,low,0,992700.0,BC,mobile
3804,C003804,personal,student,0,33,12-35m,low,0,54800.0,QC,branch
3805,C003805,personal,public_sector,0,24,12-35m,low,0,79700.0,MB,broker
3806,C003806,business,logistics,0,83,36-83m,medium,0,165300.0,AB,mobile
3807,C003807,personal,public_sector,0,18,12-35m,low,0,137200.0,ON,branch
3808,C003808,personal,healthcare_worker,0,21,12-35m,high,0,42300.0,ON,branch
3809,C003809,personal,salaried_employee,0,101,84m+,low,0,50800.0,ON,online
3810,C003810,personal,tradesperson,0,84,84m+,high,0,28700.0,BC,broker
3811,C003811,personal,student,0,58,36-83m,low,0,27000.0,AB,online
3812,C003812,business,import_export,0,11,00-11m,low,0,81700.0,QC,branch
3813,C003813,personal,student,0,23,12-35m,medium,0,186600.0,QC,mobile
3814,C003814,personal,student,0,127,84m+,low,0,44800.0,ON,online
3815,C003815,personal,public_sector,0,110,84m+,low,0,86500.0,QC,branch
3816,C003816,personal,public_sector,0,25,12-35m,low,0,126800.0,QC,online
3817,C003817,personal,tradesperson,0,71,36-83m,low,0,36200.0,AB,online
3818,C003818,personal,public_sector,0,51,36-83m,low,0,50700.0,ON,mobile
3819,C003819,personal,tradesperson,0,49,36-83m,low,0,39600.0,SK,online
3820,C003820,personal,healthcare_worker,0,120,84m+,low,0,80400.0,ON,online
3821,C003821,personal,public_sector,0,64,36-83m,medium,0,122900.0,SK,broker
3822,C003822,personal,salaried_employee,0,86,84m+,low,0,54000.0,ON,online
3823,C003823,personal,salaried_employee,0,63,36-83m,low,0,76400.0,AB,online
3824,C003824,personal,self_employed,0,52,36-83m,low,0,35500.0,ON,mobile
3825,C003825,personal,retired,0,103,84m+,low,0,27800.0,QC,online
3826,C003826,personal,healthcare_worker,0,62,36-83m,medium,0,42500.0,ON,mobile
3827,C003827,personal,self_employed,0,88,84m+,low,0,42300.0,ON,branch
3828,C003828,business,convenience_retail,1,67,36-83m,low,0,91500.0,ON,online
3829,C003829,personal,retired,0,82,36-83m,medium,0,76300.0,SK,branch
3830,C003830,personal,student,0,10,00-11m,low,0,43700.0,BC,mobile
3831,C003831,personal,healthcare_worker,0,20,12-35m,low,0,27900.0,ON,online
3832,C003832,personal,public_sector,0,57,36-83m,low,0,21000.0,ON,branch
3833,C003833,personal,retired,0,42,36-83m,low,0,135900.0,QC,branch
3834,C003834,business,salon,1,72,36-83m,medium,0,567100.0,ON,online
3835,C003835,personal,tradesperson,0,35,12-35m,low,0,74600.0,SK,mobile
3836,C003836,business,restaurant,1,55,36-83m,high,0,374700.0,BC,mobile
3837,C003837,business,import_export,0,91,84m+,low,0,97800.0,ON,branch
3838,C003838,personal,retired,0,41,36-83m,low,0,42400.0,BC,online
3839,C003839,personal,retired,0,12,12-35m,low,0,95200.0,ON,branch
3840,C003840,business,logistics,0,132,84m+,low,0,146700.0,ON,online
3841,C003841,personal,salaried_employee,0,68,36-83m,low,0,30100.0,ON,branch
3842,C003842,personal,student,0,39,36-83m,medium,1,52500.0,MB,branch
3843,C003843,business,import_export,0,67,36-83m,low,0,433800.0,QC,branch
3844,C003844,personal,salaried_employee,0,65,36-83m,low,0,42600.0,BC,online
3845,C003845,personal,salaried_employee,0,39,36-83m,medium,0,40500.0,ON,online
3846,C003846,personal,healthcare_worker,0,118,84m+,low,0,93700.0,QC,online
3847,C003847,business,money_services,0,103,84m+,low,0,945200.0,QC,branch
3848,C003848,personal,student,0,53,36-83m,low,0,104300.0,QC,online
3849,C003849,personal,student,0,97,84m+,low,0,104500.0,ON,branch
3850,C003850,personal,tradesperson,0,16,12-35m,low,0,66000.0,BC,branch
3851,C003851,personal,healthcare_worker,0,91,84m+,high,0,43600.0,ON,branch
3852,C003852,business,money_services,0,34,12-35m,medium,0,280400.0,QC,mobile
3853,C003853,personal,healthcare_worker,0,50,36-83m,low,0,145500.0,ON,branch
3854,C003854,business,import_export,0,15,12-35m,low,0,54200.0,BC,branch
3855,C003855,personal,tradesperson,0,30,12-35m,medium,0,109800.0,QC,mobile
3856,C003856,personal,retired,0,55,36-83m,medium,0,40100.0,SK,branch
3857,C003857,personal,tradesperson,0,47,36-83m,low,0,73300.0,ON,mobile
3858,C003858,business,money_services,0,30,12-35m,low,0,329100.0,BC,branch
3859,C003859,personal,student,0,25,12-35m,medium,0,95600.0,BC,mobile
3860,C003860,business,import_export,0,47,36-83m,low,0,208900.0,BC,mobile
3861,C003861,personal,healthcare_worker,0,92,84m+,low,0,91400.0,BC,mobile
3862,C003862,business,consulting,0,46,36-83m,low,0,367800.0,NS,branch
3863,C003863,personal,tradesperson,0,35,12-35m,medium,0,19700.0,ON,branch
3864,C003864,personal,salaried_employee,0,91,84m+,high,0,42300.0,QC,branch
3865,C003865,business,money_services,0,113,84m+,low,0,48400.0,BC,broker
3866,C003866,personal,student,0,60,36-83m,low,0,97500.0,QC,mobile
3867,C003867,personal,healthcare_worker,0,105,84m+,high,0,73500.0,MB,branch
3868,C003868,personal,salaried_employee,0,62,36-83m,low,0,74500.0,QC,branch
3869,C003869,personal,salaried_employee,0,107,84m+,low,0,54800.0,ON,branch
3870,C003870,personal,healthcare_worker,0,16,12-35m,low,0,74800.0,ON,online
3871,C003871,personal,healthcare_worker,0,31,12-35m,low,0,160100.0,ON,branch
3872,C003872,personal,salaried_employee,0,113,84m+,medium,0,43800.0,MB,mobile
3873,C003873,business,restaurant,1,27,12-35m,medium,0,55300.0,BC,online
3874,C003874,personal,public_sector,0,49,36-83m,medium,0,110000.0,ON,online
3875,C003875,personal,tradesperson,0,131,84m+,medium,0,37500.0,BC,broker
3876,C003876,personal,public_sector,0,80,36-83m,low,0,19700.0,MB,online
3877,C003877,business,import_export,0,45,36-83m,low,0,102000.0,AB,mobile
3878,C003878,personal,public_sector,0,4,00-11m,low,0,66100.0,AB,branch
3879,C003879,personal,healthcare_worker,0,10,00-11m,low,0,81700.0,AB,online
3880,C003880,personal,salaried_employee,0,111,84m+,low,0,86900.0,AB,mobile
3881,C003881,personal,self_employed,0,79,36-83m,low,0,35700.0,BC,branch
3882,C003882,personal,salaried_employee,0,43,36-83m,low,0,98000.0,ON,broker
3883,C003883,personal,self_employed,0,27,12-35m,medium,0,140300.0,ON,broker
3884,C003884,personal,retired,0,30,12-35m,low,0,55900.0,BC,mobile
3885,C003885,personal,student,0,28,12-35m,low,0,149600.0,QC,online
3886,C003886,personal,student,0,126,84m+,low,0,57300.0,ON,mobile
3887,C003887,personal,healthcare_worker,0,48,36-83m,low,0,80100.0,AB,branch
3888,C003888,personal,student,0,19,12-35m,low,0,38700.0,BC,branch
3889,C003889,business,salon,1,64,36-83m,medium,0,255000.0,AB,online
3890,C003890,personal,healthcare_worker,0,70,36-83m,low,0,61400.0,QC,mobile
3891,C003891,personal,public_sector,0,38,36-83m,low,0,23500.0,NS,online
3892,C003892,personal,public_sector,0,50,36-83m,medium,0,38900.0,ON,mobile
3893,C003893,personal,healthcare_worker,0,24,12-35m,low,0,149700.0,BC,branch
3894,C003894,personal,tradesperson,0,23,12-35m,low,0,92100.0,AB,online
3895,C003895,personal,retired,0,144,84m+,medium,1,74600.0,MB,online
3896,C003896,personal,student,0,52,36-83m,low,0,70900.0,BC,branch
3897,C003897,personal,public_sector,0,75,36-83m,high,0,32300.0,ON,online
3898,C003898,personal,retired,0,22,12-35m,low,0,46400.0,ON,mobile
3899,C003899,personal,student,0,45,36-83m,low,0,33700.0,SK,online
3900,C003900,personal,public_sector,0,44,36-83m,low,0,32800.0,QC,branch
3901,C003901,personal,healthcare_worker,0,83,36-83m,low,0,23700.0,MB,online
3902,C003902,personal,student,0,44,36-83m,low,0,33800.0,AB,online
3903,C003903,personal,self_employed,0,63,36-83m,low,0,84700.0,AB,mobile
3904,C003904,personal,student,0,18,12-35m,medium,0,43600.0,QC,online
3905,C003905,personal,salaried_employee,0,20,12-35m,low,0,104000.0,AB,broker
3906,C003906,personal,salaried_employee,0,81,36-83m,medium,0,84400.0,AB,mobile
3907,C003907,personal,student,0,30,12-35m,low,0,251200.0,BC,mobile
3908,C003908,personal,healthcare_worker,0,10,00-11m,low,0,66900.0,QC,branch
3909,C003909,personal,healthcare_worker,0,46,36-83m,low,0,191200.0,ON,online
3910,C003910,personal,healthcare_worker,0,59,36-83m,low,1,102000.0,ON,branch
3911,C003911,personal,public_sector,0,56,36-83m,medium,0,73000.0,MB,broker
3912,C003912,business,money_services,0,54,36-83m,low,0,179700.0,AB,branch
3913,C003913,personal,retired,0,95,84m+,low,0,44300.0,BC,branch
3914,C003914,business,auto_dealer,1,54,36-83m,low,0,637100.0,QC,online
3915,C003915,personal,self_employed,0,9,00-11m,medium,0,22800.0,AB,branch
3916,C003916,business,restaurant,1,58,36-83m,low,0,243300.0,QC,branch
3917,C003917,personal,healthcare_worker,0,57,36-83m,low,0,44800.0,NS,mobile
3918,C003918,business,consulting,0,35,12-35m,low,0,599100.0,MB,branch
3919,C003919,personal,student,0,30,12-35m,low,0,26200.0,BC,mobile
3920,C003920,personal,retired,0,65,36-83m,low,0,86100.0,BC,branch
3921,C003921,personal,self_employed,0,39,36-83m,low,0,114900.0,QC,branch
3922,C003922,personal,salaried_employee,0,36,36-83m,low,0,43900.0,QC,mobile
3923,C003923,personal,self_employed,0,26,12-35m,low,0,137300.0,ON,branch
3924,C003924,personal,student,0,53,36-83m,low,0,21400.0,QC,online
3925,C003925,personal,public_sector,0,62,36-83m,low,0,42400.0,AB,mobile
3926,C003926,personal,salaried_employee,0,66,36-83m,low,0,67700.0,ON,branch
3927,C003927,personal,tradesperson,0,78,36-83m,low,0,145200.0,ON,online
3928,C003928,personal,healthcare_worker,0,49,36-83m,high,1,94700.0,ON,branch
3929,C003929,personal,retired,0,101,84m+,low,0,46300.0,QC,mobile
3930,C003930,business,convenience_retail,1,80,36-83m,low,0,539200.0,ON,branch
3931,C003931,personal,tradesperson,0,18,12-35m,low,0,65800.0,ON,mobile
3932,C003932,personal,self_employed,0,128,84m+,medium,0,136900.0,ON,mobile
3933,C003933,personal,public_sector,0,44,36-83m,low,0,58200.0,QC,branch
3934,C003934,personal,tradesperson,0,23,12-35m,low,0,44800.0,BC,branch
3935,C003935,personal,student,0,82,36-83m,low,0,48300.0,ON,branch
3936,C003936,personal,tradesperson,0,104,84m+,low,0,139100.0,MB,mobile
3937,C003937,business,restaurant,1,86,84m+,low,0,1074500.0,ON,branch
3938,C003938,personal,self_employed,0,37,36-83m,low,0,59300.0,NS,mobile
3939,C003939,personal,public_sector,0,32,12-35m,low,0,102800.0,BC,mobile
3940,C003940,business,convenience_retail,1,65,36-83m,low,0,92100.0,ON,online
3941,C003941,personal,retired,0,133,84m+,low,0,53000.0,SK,branch
3942,C003942,personal,tradesperson,0,39,36-83m,low,0,37500.0,QC,broker
3943,C003943,personal,healthcare_worker,0,91,84m+,medium,0,41300.0,QC,branch
3944,C003944,business,construction,0,68,36-83m,low,0,107900.0,BC,online
3945,C003945,business,construction,0,102,84m+,low,0,431600.0,BC,branch
3946,C003946,personal,self_employed,0,59,36-83m,low,0,24500.0,ON,mobile
3947,C003947,business,consulting,0,49,36-83m,medium,0,465800.0,AB,online
3948,C003948,business,restaurant,1,81,36-83m,medium,0,282300.0,QC,branch
3949,C003949,personal,tradesperson,0,46,36-83m,low,0,109800.0,QC,mobile
3950,C003950,personal,public_sector,0,31,12-35m,medium,0,92300.0,AB,branch
3951,C003951,personal,student,0,104,84m+,low,0,44700.0,ON,mobile
3952,C003952,personal,tradesperson,0,55,36-83m,low,0,29800.0,ON,branch
3953,C003953,personal,self_employed,0,97,84m+,medium,0,87200.0,QC,broker
3954,C003954,business,logistics,0,81,36-83m,medium,0,352600.0,ON,branch
3955,C003955,personal,self_employed,0,80,36-83m,low,1,80500.0,ON,branch
3956,C003956,personal,student,0,34,12-35m,low,0,14300.0,ON,branch
3957,C003957,personal,retired,0,97,84m+,medium,0,26200.0,ON,branch
3958,C003958,personal,self_employed,0,63,36-83m,low,0,24300.0,QC,online
3959,C003959,business,consulting,0,26,12-35m,low,0,848200.0,SK,online
3960,C003960,personal,public_sector,0,67,36-83m,low,0,23400.0,BC,branch
3961,C003961,personal,healthcare_worker,0,61,36-83m,medium,0,37600.0,AB,branch
3962,C003962,business,convenience_retail,1,22,12-35m,low,0,727500.0,ON,online
3963,C003963,personal,salaried_employee,0,101,84m+,low,0,91500.0,MB,broker
3964,C003964,personal,self_employed,0,75,36-83m,low,0,63800.0,QC,online
3965,C003965,personal,student,0,11,00-11m,low,0,32900.0,BC,online
3966,C003966,personal,retired,0,53,36-83m,high,0,29800.0,ON,branch
3967,C003967,personal,public_sector,0,37,36-83m,low,0,89500.0,ON,branch
3968,C003968,personal,salaried_employee,0,15,12-35m,low,0,62300.0,SK,online
3969,C003969,business,auto_dealer,1,14,12-35m,low,0,724700.0,BC,online
3970,C003970,personal,student,0,38,36-83m,low,0,65100.0,AB,branch
3971,C003971,personal,student,0,125,84m+,low,0,177900.0,ON,online
3972,C003972,business,money_services,0,40,36-83m,low,0,529700.0,ON,online
3973,C003973,business,auto_dealer,1,30,12-35m,low,0,76900.0,QC,branch
3974,C003974,personal,tradesperson,0,52,36-83m,low,0,33000.0,ON,branch
3975,C003975,personal,student,0,73,36-83m,medium,0,54000.0,QC,branch
3976,C003976,personal,retired,0,37,36-83m,low,0,73700.0,AB,online
3977,C003977,personal,tradesperson,0,73,36-83m,low,0,47400.0,ON,online
3978,C003978,personal,public_sector,0,62,36-83m,low,0,17800.0,MB,mobile
3979,C003979,personal,salaried_employee,0,29,12-35m,low,0,29900.0,ON,mobile
3980,C003980,personal,retired,0,52,36-83m,low,0,55200.0,QC,online
3981,C003981,personal,student,0,13,12-35m,high,0,45600.0,ON,branch
3982,C003982,personal,public_sector,0,41,36-83m,low,0,86200.0,BC,mobile
3983,C003983,personal,salaried_employee,0,26,12-35m,low,0,90100.0,ON,branch
3984,C003984,personal,student,0,28,12-35m,low,0,126400.0,QC,mobile
3985,C003985,personal,healthcare_worker,0,25,12-35m,low,0,63100.0,BC,online
3986,C003986,personal,student,0,62,36-83m,low,0,215600.0,AB,branch
3987,C003987,business,logistics,0,137,84m+,low,0,225200.0,BC,online
3988,C003988,business,construction,0,34,12-35m,medium,0,391600.0,QC,online
3989,C003989,personal,tradesperson,0,73,36-83m,low,0,35500.0,ON,branch
3990,C003990,personal,public_sector,0,90,84m+,high,0,61800.0,ON,online
3991,C003991,personal,tradesperson,0,42,36-83m,medium,0,53000.0,NS,mobile
3992,C003992,personal,student,0,26,12-35m,low,0,64900.0,AB,branch
3993,C003993,personal,public_sector,0,32,12-35m,high,0,51400.0,ON,online
3994,C003994,personal,healthcare_worker,0,132,84m+,low,0,99000.0,BC,online
3995,C003995,personal,salaried_employee,0,13,12-35m,medium,0,127400.0,AB,online
3996,C003996,personal,public_sector,0,32,12-35m,low,0,61700.0,AB,branch
3997,C003997,personal,healthcare_worker,0,99,84m+,low,0,92100.0,ON,mobile
3998,C003998,personal,tradesperson,0,38,36-83m,high,0,27100.0,ON,mobile
3999,C003999,personal,public_sector,0,31,12-35m,low,0,32900.0,QC,online
4000,C004000,personal,student,0,34,12-35m,low,0,30400.0,AB,mobile
